patient,frame,time_s,wrist_speed_mm_s,wrist_accel_mm_s2,wrist_path_mm,wrist_x,wrist_y
patient_233,0.0,0.0,,,0.0,344.4225311279297,178.27521800994873
patient_233,1.0,0.04,69.65428127830023,,2.7861712511320094,343.79913330078125,180.87238311767578
patient_233,2.0,0.08,24.812643945284723,-1121.0409333253879,3.778677008943398,344.7330856323242,181.05404376983643
patient_233,3.0,0.12,12.118037381431103,-317.3651640963405,4.263398504200643,344.8638153076172,181.4999485015869
patient_233,4.0,0.16,21.65761325357917,238.4893968037017,5.129703034343809,345.2234649658203,180.75139045715332
patient_233,5.0,0.2,29.361467281290434,192.59635069278156,6.304161725595426,344.7249984741211,181.7609167098999
patient_233,6.0,0.24,20.60387218507506,-218.93987740538438,7.128316612998429,345.0522232055664,181.04179859161377
patient_233,7.0,0.28,18.951970583779275,-41.297540032394586,7.886395436349599,345.29991149902344,181.7250108718872
patient_233,8.0,0.32,10.448451281456745,-212.58798255806326,8.30433348760787,345.0279235839844,181.4308261871338
patient_233,9.0,0.36,6.432533620864333,-100.3979415148103,8.561634832442444,345.26092529296875,181.5117645263672
patient_233,10.0,0.4,13.550765170850159,177.95578874964565,9.10366543927645,344.9232864379883,181.11680030822754
patient_233,11.0,0.44,3.4392052731232545,-252.7889974431726,9.24123365020138,344.96795654296875,180.99271774291992
patient_233,12.0,0.48,12.980417588870994,238.53030789369348,9.76045035375622,345.33416748046875,181.32981777191162
patient_233,13.0,0.52,14.679153938143278,42.4684087318071,10.34761651128195,344.9066925048828,181.69601440429688
patient_233,14.0,0.56,4.718980666864245,-249.0043317819758,10.53637573795652,345.0167465209961,181.55237674713135
patient_233,15.0,0.6,3.8813370748171545,-20.94108980117726,10.691629220949208,344.9730682373047,181.694655418396
patient_233,16.0,0.64,1.729292110956754,-53.80112409651001,10.760800905387477,345.0044631958008,181.6362476348877
patient_233,17.0,0.68,3.547046010678296,45.44384749303855,10.902682745814609,345.0550842285156,181.76249027252197
patient_233,18.0,0.72,7.98714370963205,111.00244247384383,11.222168494199892,345.1840591430664,181.48469924926758
patient_233,19.0,0.76,14.848849241492156,171.54263829650264,11.816122463859577,344.84813690185547,181.94443702697754
patient_233,20.0,0.8,5.077779139034248,-244.27675256144772,12.019233629420945,345.00816345214844,181.83351516723633
patient_233,21.0,0.84,3.8526915287487182,-30.62719025713824,12.173341290570896,344.88990783691406,181.92206382751465
patient_233,22.0,0.88,8.038796310924853,104.65261955440339,12.49489314300789,344.954833984375,181.62072658538818
patient_233,23.0,0.92,6.761239466436418,-31.938921112210885,12.765342721665345,344.99351501464844,181.87708854675293
patient_233,24.0,0.96,17.237511388806848,261.9067980592607,13.454843177217619,345.24559020996094,181.26605987548828
patient_233,25.0,1.0,4.0111573305321535,-330.65885145686735,13.615289470438906,345.2059555053711,181.1174440383911
patient_233,26.0,1.04,2.721217741335119,-32.248489729925865,13.72413818009231,345.25245666503906,181.2108564376831
patient_233,27.0,1.08,4.1418896396268625,35.51679745729359,13.889813765677387,345.09765625,181.17533683776855
patient_233,28.0,1.12,8.046630852635012,97.61853032520374,14.211678999782787,345.1076889038086,180.86694717407227
patient_233,29.0,1.16,8.41437454109007,9.193592211376433,14.54825398142639,344.92443084716797,181.13250732421875
patient_233,30.0,1.2,2.8405964219994844,-139.34445297726464,14.661877838306369,345.0322723388672,181.14782810211182
patient_233,31.0,1.24,7.0651899300526955,105.61483770133026,14.944485435508476,344.77508544921875,181.2329864501953
patient_233,32.0,1.28,12.310254803990729,131.12662184845084,15.436895627668104,345.21484375,181.06141090393066
patient_233,33.0,1.32,12.974085740198062,16.595773405183323,15.955859057276028,344.73602294921875,181.1964511871338
patient_233,34.0,1.36,5.527421186271685,-186.16661384815941,16.176955904726896,344.86961364746094,181.03189945220947
patient_233,35.0,1.4,5.1138793237962945,-10.338546561884755,16.38151107767875,344.9375915527344,180.8479642868042
patient_233,36.0,1.44,8.295340018243282,79.53651736117469,16.71332467840848,345.2203369140625,180.99369049072266
patient_233,37.0,1.48,7.4968426623771185,-19.962433896654087,17.01319838490356,345.38890838623047,181.22654914855957
patient_233,38.0,1.52,2.3205666554688826,-129.4069001727059,17.10602105112232,345.3047180175781,181.2553596496582
patient_233,39.0,1.56,9.579802943658137,181.48090720473138,17.489213168868645,345.42919158935547,180.90974807739258
patient_233,40.0,1.6,4.371282862778746,-130.21300202198478,17.664064483379793,345.3879928588867,181.0722255706787
patient_233,41.0,1.64,8.968378808036363,114.92739863144041,18.022799635701247,345.7179641723633,180.97535133361816
patient_233,42.0,1.68,3.806745693865764,-129.04082785426496,18.17506946345588,345.6543731689453,181.10674381256104
patient_233,43.0,1.72,1.811190910080658,-49.88886959462764,18.247517099859106,345.6639099121094,181.03795051574707
patient_233,44.0,1.76,5.000341205888529,79.72875739519678,18.447530748094646,345.47218322753906,181.0356044769287
patient_233,45.0,1.8,1.7778396688981393,-80.56253842475975,18.51864433485057,345.4804992675781,180.9679412841797
patient_233,46.0,1.84,3.3822739679384375,40.11085747600745,18.653935293568107,345.37593841552734,180.89120864868164
patient_233,47.0,1.88,1.8675359741132058,-37.86844984563079,18.728636732532635,345.3761672973633,180.8195972442627
patient_233,48.0,1.92,15.300844685011068,335.83271777244653,19.340670519933077,345.02071380615234,181.28638744354248
patient_233,49.0,1.96,6.319008554838102,-224.54590325432412,19.593430862126603,345.24898529052734,181.20512008666992
patient_233,50.0,2.0,8.167711744793872,46.217579748894245,19.920139331918357,345.0239562988281,181.42295837402344
patient_233,51.0,2.04,10.853282076942415,67.13925830371359,20.354270614996054,345.0813293457031,181.01075649261475
patient_233,52.0,2.08,2.2704901672307436,-214.5697977427918,20.44509022168528,345.0712203979492,181.09723091125488
patient_233,53.0,2.12,3.578359682573308,32.69673788356411,20.588224608988217,344.9495315551758,181.0338306427002
patient_233,54.0,2.16,6.010931821330531,60.814303468930575,20.82866188184144,344.94041442871094,181.2641429901123
patient_233,55.0,2.2,7.9111391864721705,47.50518412854099,21.145107449300326,344.9730682373047,180.9625482559204
patient_233,56.0,2.24,4.470555247761992,-86.01459846775445,21.32392965921081,344.8265075683594,181.05146884918213
patient_233,57.0,2.28,2.8559771864614714,-40.36445153251302,21.438168746669266,344.9332809448242,181.02712154388428
patient_233,58.0,2.32,4.373630228853251,37.9413260597945,21.613113955823398,344.7690963745117,181.0613250732422
patient_233,59.0,2.36,4.936009689490049,14.05948651591995,21.810554343403002,344.8881149291992,180.91415405273438
patient_233,60.0,2.4,16.80756758194589,296.788947311396,22.482857046680838,345.4793930053711,181.1706018447876
patient_233,61.0,2.44,9.929842916065526,-171.94311664700908,22.88005076332346,345.6986618041992,181.48189544677734
patient_233,62.0,2.48,3.942608476124113,-149.68086099853534,23.037755102368422,345.6453323364258,181.62335872650146
patient_233,63.0,2.52,3.7659012375272627,-4.417680964921256,23.188391151869514,345.7450866699219,181.51894569396973
patient_233,64.0,2.56,4.160574080772764,9.866821081137534,23.354814115100424,345.58837890625,181.4890193939209
patient_233,65.0,2.6,1.8969094872995458,-56.59161483683046,23.430690494592408,345.6605529785156,181.47997856140137
patient_233,66.0,2.64,2.401163441632065,12.606348858312982,23.526737032257692,345.7280731201172,181.54257774353027
patient_233,67.0,2.68,5.6717925669800575,81.76572813369981,23.753608734936893,345.73204040527344,181.76002979278564
patient_233,68.0,2.72,1.741775615486472,-98.25042378733964,23.823279759556353,345.7617950439453,181.81982517242432
patient_233,69.0,2.76,2.207676688533899,11.647526826185672,23.911586827097707,345.72322845458984,181.89518451690674
patient_233,70.0,2.8,3.372053076538126,29.109409700105672,24.046468950159234,345.6044006347656,181.94616794586182
patient_233,71.0,2.84,4.708689610261145,33.41591334307549,24.234816534569678,345.53279876708984,181.78041458129883
patient_233,72.0,2.88,16.53429933906461,295.6402432200866,24.896188508132262,345.60306549072266,181.1503028869629
patient_233,73.0,2.92,7.629300182962595,-222.62497890255037,25.20136051545077,345.4549026489258,181.4025592803955
patient_233,74.0,2.96,11.443361646508917,95.35153658865805,25.659094981311128,345.37487030029297,180.97111701965332
patient_233,75.0,3.0,5.145380896925895,-157.44951873957555,25.86491021718816,345.2798080444336,181.1440086364746
patient_233,76.0,3.04,3.617696123258652,-38.192119341681064,26.009618062118506,345.37845611572266,181.04647636413574
patient_233,77.0,3.08,5.0299077247698625,35.30529003778026,26.2108143711093,345.1875305175781,181.07382774353027
patient_233,78.0,3.12,1.9328993264805572,-77.42520995723264,26.288130344168522,345.1765441894531,181.14712715148926
patient_233,79.0,3.16,2.3733915618403962,11.012305883995976,26.38306600664214,345.09429931640625,181.18609428405762
patient_233,80.0,3.2,5.517413913727095,78.60055879716748,26.60376256319122,345.2945327758789,181.25441551208496
patient_233,81.0,3.24,2.340240005240893,-79.42934771215505,26.697372163400857,345.3440856933594,181.1795997619629
patient_233,82.0,3.28,7.177802583751095,120.93906446275504,26.9844842667509,345.40374755859375,180.910906791687
patient_233,83.0,3.32,37.97258169327634,769.8694777381311,28.503387534481952,345.17005920410156,179.47370052337646
patient_233,84.0,3.36,10.4301626929319,-688.560475008611,28.920594042199227,345.00247955322266,179.11055088043213
patient_233,85.0,3.4,15.256680377234733,120.66294210757084,29.530861257288617,344.4982147216797,178.81394863128662
patient_233,86.0,3.44,12.35298955518342,-72.59227055128284,30.024980839495953,344.70069885253906,179.24217224121094
patient_233,87.0,3.48,19.08871446003783,168.39312262136028,30.788529417897465,345.10589599609375,179.85175609588623
patient_233,88.0,3.52,16.49474421647496,-64.84925608907179,31.448319186556464,345.34984588623047,179.26819324493408
patient_233,89.0,3.56,4.940061430885778,-288.86706963972955,31.645921643791894,345.5379867553711,179.2461347579956
patient_233,90.0,3.6,10.944781077729424,150.11799117109115,32.08371288690107,345.3240966796875,179.6072244644165
patient_233,91.0,3.64,5.2608757598787435,-142.097632946267,32.29414791729622,345.4372024536133,179.77426528930664
patient_233,92.0,3.68,4.254636676632551,-25.155977081154802,32.464333384361524,345.49224853515625,179.62068557739258
patient_233,93.0,3.72,17.819363760638115,339.1181771001391,33.17710793478705,345.4620361328125,180.30331134796143
patient_233,94.0,3.76,3.7141259905367257,-352.63094425253473,33.32567297440852,345.5763626098633,180.38824081420898
patient_233,95.0,3.8,4.41283408515013,17.467702365335104,33.50218633781452,345.6398391723633,180.5450963973999
patient_233,96.0,3.84,14.107373253461724,242.36347920778982,34.06648126795299,345.3858184814453,181.02270126342773
patient_233,97.0,3.88,6.877436409069643,-180.748421109802,34.34157872431578,345.3927230834961,181.2863302230835
patient_233,98.0,3.92,3.8038781183452075,-76.8389572681109,34.49373384904958,345.53714752197266,181.30675792694092
patient_233,99.0,3.96,10.317670038103106,162.84479799394745,34.90644065057371,345.61573028564453,180.9190034866333
patient_233,100.0,4.0,0.33420336620191504,-249.58666679752977,34.91980878522178,345.61279296875,180.9065294265747
patient_233,101.0,4.04,0.7538693702610826,10.491650101479188,34.94996356003223,345.58868408203125,180.8905792236328
patient_233,102.0,4.08,5.818337116924615,126.61169366658834,35.182697044709215,345.62889099121094,181.11003398895264
patient_233,103.0,4.12,4.753206098814123,-26.628275452762317,35.37282528866177,345.48255920410156,181.21869564056396
patient_233,104.0,4.16,7.5653161234303745,70.3027506154063,35.67543793359899,345.26187896728516,181.4069938659668
patient_233,105.0,4.2,4.901960317214265,-66.58389515540273,35.871516346287564,345.34996032714844,181.24094009399414
patient_233,106.0,4.24,2.8929863191676435,-50.22434995116555,35.98723579905427,345.35633087158203,181.3516902923584
patient_233,107.0,4.28,2.385959764255726,-12.675663872797937,36.0826741896245,345.4163360595703,181.28262519836426
patient_233,108.0,4.32,7.254313788144716,121.70885059722477,36.37284674115029,345.14068603515625,181.31999015808105
patient_233,109.0,4.36,16.065822988369966,220.28773000563123,37.01547966068509,345.3457260131836,180.7390594482422
patient_233,110.0,4.4,6.795393148137676,-231.76074600580722,37.287295386610595,345.10562896728516,180.63780784606934
patient_233,111.0,4.44,1.1310694168237454,-141.60809328284827,37.332538163283544,345.10894775390625,180.5945634841919
patient_233,112.0,4.48,3.4522209545048077,58.02878844202656,37.47062700146373,344.98924255371094,180.6510829925537
patient_233,113.0,4.52,8.357228863186478,122.62519771704174,37.804916155991194,345.2976608276367,180.56405067443848
patient_233,114.0,4.56,7.604454315504185,-18.819363692057323,38.10909432861136,345.0803756713867,180.75851440429688
patient_233,115.0,4.6,10.293399484840423,67.22362923340594,38.52083030800498,345.3520965576172,180.4722261428833
patient_233,116.0,4.64,11.106313591816406,20.32285267439957,38.965082851677636,345.38867950439453,180.8965301513672
patient_233,117.0,4.68,10.157152643193996,-23.72902371556025,39.371368957405394,345.5192184448242,180.5295753479004
patient_233,118.0,4.72,4.176534064381215,-149.5154644703195,39.53843031998064,345.59803009033203,180.39015769958496
patient_233,119.0,4.76,54.084099618238895,1247.689138846442,41.701794304710205,344.78004455566406,178.48440170288086
patient_233,120.0,4.8,252.41435186409956,4958.256306146516,51.79836837927418,342.85858154296875,168.998064994812
patient_233,121.0,4.84,149.71924340256606,-2567.3777115383373,57.78713811537682,342.13626861572266,163.3026123046875
patient_233,122.0,4.88,146.70319859643823,-75.40112015319593,63.65526605923434,339.91199493408203,158.13560485839844
patient_233,124.0,4.96,,,63.65526605923434,340.281982421875,129.19146537780762
patient_233,125.0,5.0,276.9666477811933,,74.73393197048208,329.98085021972656,126.60677433013916
patient_233,126.0,5.04,161.24628629740826,-2893.0090370946255,81.18378342237841,323.84761810302734,125.82319736480713
patient_233,127.0,5.08,93.67358180837022,-1689.317612225951,84.93072669471321,320.2556610107422,125.81401348114014
patient_233,128.0,5.12,75.02779289360745,-466.144722869069,87.93183841045752,317.38048553466797,125.711989402771
patient_233,129.0,5.16,78.83087505230554,95.07705396745223,91.08507341254973,314.9140167236328,127.45954513549805
patient_233,130.0,5.2,63.44168243408909,-384.72981545541137,93.6227407099133,313.26385498046875,129.2470121383667
patient_233,131.0,5.24,50.88850370326021,-313.8294682707219,95.65828085804371,312.05846786499023,130.78155040740967
patient_233,132.0,5.28,52.53951622725942,41.27531309998016,97.75986150713408,310.73862075805664,132.30367183685303
patient_233,133.0,5.32,14.490267017925825,-951.2312302333398,98.33947218785111,310.9230422973633,132.8278112411499
patient_233,134.0,5.36,5.1006781417771005,-234.73972190371813,98.5434993135222,310.78941345214844,132.6849889755249
patient_233,135.0,5.4,27.16696308663975,551.6571236215663,99.6301778369878,311.7458724975586,132.27220058441162
patient_233,136.0,5.44,99.98055735120401,1820.3398566141066,103.62940013103596,314.3349838256836,129.44472312927246
patient_233,137.0,5.48,118.63777413947177,466.430419706694,108.37491109661484,317.83395767211914,126.53736591339111
patient_233,138.0,5.52,116.30989389962338,-58.19700599620994,113.02730685259976,321.10084533691406,129.57361221313477
patient_233,139.0,5.56,193.77064129289562,1936.518684831806,120.77813250431558,320.9068298339844,137.00132846832275
patient_233,140.0,5.6,339.57829741997114,3645.191403176888,134.36126440111443,320.76114654541016,150.02184391021729
patient_233,141.0,5.64,348.82066617917724,231.05921898015254,148.3140910482815,317.9189682006836,163.09212684631348
patient_233,142.0,5.68,412.416953416826,1589.9071809412192,164.81076918495455,314.7274971008301,178.5811185836792
patient_233,143.0,5.72,302.2723265147144,-2753.6156725527903,176.90166224554312,311.729679107666,189.77754592895508
patient_233,144.0,5.76,269.1744175687517,-827.4477236490668,187.6686389482932,309.32456970214844,199.81507301330566
patient_233,145.0,5.8,116.31808441419486,-3821.4083288639217,192.321362324861,308.2893371582031,204.15355682373047
patient_233,146.0,5.84,108.3812695639181,-198.42037125691903,196.6566131074177,305.08039474487305,206.79449558258057
patient_233,147.0,5.88,100.78629612575067,-189.8743359541857,200.68806495244775,302.53332138061523,209.70110893249512
patient_233,148.0,5.92,65.54081488669685,-881.1370309763454,203.30969754791565,300.7953071594238,211.5164566040039
patient_233,149.0,5.96,20.853587126393858,-1117.1806940075746,204.1438410329714,300.3855895996094,212.2031593322754
patient_233,150.0,6.0,18.02409686572444,-70.73725651673541,204.8648049076004,300.1509094238281,211.5530776977539
patient_233,151.0,6.04,12.28751095457903,-143.4146477786353,205.35630534578354,299.72970962524414,211.76424980163574
patient_233,152.0,6.08,18.072185284583174,144.6168582501036,206.07919275716688,299.2715263366699,212.28415489196777
patient_233,153.0,6.12,56.68865301768007,965.4116933274224,208.3467388778741,298.4881401062012,214.31184768676758
patient_233,154.0,6.16,80.1430904177366,586.3609350014134,211.55246249458355,300.0287437438965,211.65277004241943
patient_233,155.0,6.2,49.977412138829074,-754.1419569726881,213.55155898013672,301.8730163574219,212.17363357543945
patient_233,156.0,6.24,61.823414311327575,296.15005431246254,216.02449555258983,302.5185775756836,209.89256858825684
patient_233,157.0,6.28,64.36793374519732,63.61298584674362,218.59921290239774,304.5818328857422,208.53790283203125
patient_233,158.0,6.32,175.68748285649124,2782.988727782348,225.6267122166574,306.9867515563965,202.24493980407715
patient_233,159.0,6.36,319.22020588667976,3588.318075754713,238.39552045212457,316.6011047363281,194.66875076293945
patient_233,160.0,6.4,384.3430090928912,1628.0700801552853,253.76924081584025,315.30284881591797,179.98818397521973
patient_233,161.0,6.44,301.7729021400639,-2064.2526738206825,265.8401569014428,314.3636703491211,168.4546995162964
patient_233,162.0,6.48,320.6606099356872,472.1926948905832,278.66658129887026,312.5827980041504,156.2884283065796
patient_233,163.0,6.52,314.5893000765111,-151.78274647940242,291.2501533019307,305.72290420532227,146.3656997680664
patient_233,164.0,6.56,272.93830765745196,-1041.2748104764787,302.1676856082288,302.1367835998535,136.5332794189453
patient_233,165.0,6.6,177.36678660562973,-2389.288026295556,309.26235707245394,300.43113708496094,129.9493932723999
patient_233,166.0,6.64,85.36316378883966,-2300.0905704197517,312.67688362400753,299.93419647216797,126.71403408050537
patient_233,167.0,6.68,69.26296804422284,-402.5048936154203,315.4474023457765,299.23580169677734,124.15157318115234
patient_233,168.0,6.72,26.398601584706274,-1071.6091614879144,316.5033464091647,298.3222770690918,123.71549606323242
patient_233,169.0,6.76,33.905336245518164,187.66836652029727,317.8595598589854,297.0344924926758,123.53682518005371
patient_233,170.0,6.8,42.453840725676386,213.71261200395554,319.55771348801244,295.43155670166016,123.82092475891113
patient_233,171.0,6.84,74.67952195677069,805.6420307773575,322.54489436628324,292.82127380371094,122.6432991027832
patient_233,172.0,6.88,30.257067929540124,-1110.561350680764,323.7551770834649,292.99577713012695,123.79032611846924
patient_233,173.0,6.92,62.133992849310445,796.923122994258,326.2405367974373,295.0876808166504,122.6499080657959
patient_233,174.0,6.96,148.07934820875596,2148.633883986138,332.16371072578755,299.3789291381836,126.36837959289551
patient_233,175.0,7.0,167.43676971705338,483.9355377074355,338.86118151446965,302.2217559814453,132.12517261505127
patient_233,176.0,7.04,211.35648687040813,1097.9929288338687,347.315440989286,303.8685417175293,140.0606918334961
patient_233,177.0,7.08,279.30212375320235,1698.6409220698554,358.4875259394141,302.8943634033203,150.72629928588867
patient_233,178.0,7.12,330.7188419157035,1285.4179540625282,371.71627961604224,301.5228462219238,163.3335256576538
patient_233,179.0,7.16,269.6556239864131,-1526.5804482322594,382.50250457549873,296.5980339050293,172.42549896240234
patient_233,180.0,7.2,173.79873909539734,-2396.422122275394,389.45445413931463,294.12689208984375,178.61483573913574
patient_233,181.0,7.24,32.74090570749964,-3526.445834697442,390.76409036761464,294.03995513916016,179.8672914505005
patient_233,182.0,7.28,64.94178233317493,805.0219156418822,393.3617616609416,294.871768951416,182.2144889831543
patient_233,183.0,7.32,40.460924483586915,-612.0214462397004,394.9801986402851,296.2210464477539,182.98038482666016
patient_233,184.0,7.36,56.965978132049976,412.6263412115765,397.2588377655671,298.26425552368164,183.75296115875244
patient_233,185.0,7.4,46.32440789411112,-266.03925594847146,399.11181408133154,299.7979927062988,184.649076461792
patient_233,186.0,7.44,29.010300740339098,-432.8526788443005,400.2722261109451,300.78468322753906,184.13535118103027
patient_233,187.0,7.48,134.30392787815788,2632.3406784454696,405.64438322607145,303.0117416381836,188.77887725830078
patient_233,188.0,7.52,78.07641574588045,-1405.6878033069356,408.7674398559066,305.506591796875,190.43389320373535
patient_233,189.0,7.56,85.65534336686557,189.4731905246278,412.1936535905812,308.1621742248535,192.3667287826538
patient_233,190.0,7.6,144.37585820162656,1468.0128708690247,417.9686879186463,310.4823875427246,197.39324569702148
patient_233,191.0,7.64,89.77760941792161,-1364.9562195926237,421.55979229536314,311.6030693054199,200.6483030319214
patient_233,192.0,7.68,50.7670637999776,-975.2636404486003,423.59047484736226,312.44333267211914,202.40431308746338
patient_233,193.0,7.72,42.111684793605065,-216.38447515931335,425.27494223910645,310.85594177246094,202.10806846618652
patient_233,194.0,7.76,108.34286073881759,1655.7793986303132,429.6086566686592,308.2059097290039,198.90854358673096
patient_233,195.0,7.8,157.4567153753288,1227.8463659127801,435.9069252836723,305.7938766479492,193.3734941482544
patient_233,196.0,7.84,161.03244836209083,89.39332466905086,442.34822321815597,301.9520568847656,188.53928089141846
patient_233,197.0,7.88,114.71335483048576,-1157.977338290127,446.9367574113754,299.6803855895996,184.77251529693604
patient_233,198.0,7.92,85.57357546012169,-728.4944842591017,450.3597004297803,299.4887924194336,181.4967441558838
patient_233,199.0,7.96,43.75376844388279,-1045.4951754059725,452.1098511675356,300.48797607421875,180.14895915985107
patient_233,200.0,8.0,44.18831030134854,10.863546436643645,453.8773835795895,301.9459533691406,179.28560256958008
patient_233,201.0,8.04,42.70755823808073,-37.01880158169519,455.5856859091127,303.5553741455078,178.9828634262085
patient_233,202.0,8.08,30.557060805936953,-303.7624358035944,456.8079683413502,304.08817291259766,180.02645015716553
patient_233,203.0,8.12,70.06944499523914,987.8096047325546,459.6107461411598,304.38629150390625,182.69671440124512
patient_233,204.0,8.16,93.35973023285317,582.2571309403507,463.34513535047387,304.237060546875,186.2735366821289
patient_233,205.0,8.2,109.09133996133997,393.29024321217,467.70878894892746,304.3992614746094,190.45356273651123
patient_233,206.0,8.24,170.50242530425078,1535.2771335727703,474.5288859610975,303.55030059814453,196.93622589111328
patient_233,207.0,8.28,95.55285498915754,-1873.739257877331,478.3510001606638,303.9690589904785,200.5762481689453
patient_233,208.0,8.32,109.66092055166321,352.7016390626418,482.7374369827303,307.38128662109375,198.1188440322876
patient_233,209.0,8.36,208.13381697581536,2461.8224106038037,491.06278966176285,310.0120544433594,190.58388233184814
patient_233,210.0,8.4,369.55924693006995,4035.6357488563644,505.8451595389657,314.42291259765625,177.1168613433838
patient_233,211.0,8.44,374.8616618698249,132.56037349387384,520.8396260137587,317.04301834106445,162.98337936401367
patient_233,212.0,8.48,234.39430486627015,-3511.683925088869,530.2153982084095,317.9350280761719,154.03976440429688
patient_233,213.0,8.52,199.80993547947284,-864.6092346699327,538.2077956275883,317.82751083374023,146.37868881225586
patient_233,214.0,8.56,223.88301120597114,601.8268931624575,547.1631160758272,319.0859603881836,137.88650035858154
patient_233,215.0,8.6,106.6165884896994,-2931.660567906794,551.4277796154151,321.07837677001953,134.31658744812012
patient_233,216.0,8.64,12.650480909475718,-2349.1526895055918,551.9337988517942,321.3587188720703,133.92070770263672
patient_233,217.0,8.68,65.83249825766458,1329.5504337047216,554.5670987821009,318.88614654541016,134.42954063415527
patient_233,218.0,8.72,51.321522025657565,-362.77440580017543,556.6199596631271,316.9335174560547,134.18442249298096
patient_233,219.0,8.76,71.33790283275155,500.4095201773497,559.4734757764371,317.00366973876953,131.44982814788818
patient_233,220.0,8.8,76.67863732912993,133.51836240945937,562.5406212696023,317.2469902038574,128.51962566375732
patient_233,221.0,8.84,71.84338587553007,-120.88128633999631,565.4143567046235,318.14504623413086,125.9152364730835
patient_233,222.0,8.88,80.65427100283429,220.27212818260546,568.6405275447369,319.5181083679199,123.14400672912598
patient_233,223.0,8.92,51.32246363757587,-733.2951841314605,570.69342609024,321.37210845947266,122.48395442962646
patient_233,224.0,8.96,60.244159242526266,223.04239012375984,573.1031924599409,322.7925491333008,124.305739402771
patient_233,225.0,9.0,72.87058589855619,315.660666400748,576.0180158958832,324.9994659423828,126.01963520050049
patient_233,226.0,9.04,98.36057867359668,637.2498193760123,579.9524390428271,326.1712646484375,129.60468292236328
patient_233,227.0,9.08,39.82634052729893,-1463.3559536574437,581.545492663919,325.6966018676758,131.05620861053467
patient_233,228.0,9.12,7.601734168102616,-805.6151589799078,581.8495620306431,325.5392074584961,131.30155563354492
patient_233,229.0,9.16,46.85306164387857,981.2831868943988,583.7236844963983,324.0517807006836,130.29390335083008
patient_233,230.0,9.2,100.52149304343793,1341.710784988984,587.7445442181357,320.19813537597656,130.37768840789795
patient_233,231.0,9.24,128.79437423877732,706.8220298834849,592.8963191876869,315.7126235961914,132.44430541992188
patient_233,232.0,9.28,193.56317513484447,1619.2200224016788,600.6388461930807,311.5279960632324,138.57450485229492
patient_233,233.0,9.32,188.7623318945044,-120.0210810085018,608.1893394688609,309.5359230041504,145.533185005188
patient_233,234.0,9.36,230.0565769039487,1032.3561252361073,617.3916025450188,307.60337829589844,154.14055824279785
patient_233,235.0,9.4,183.4398351963348,-1165.4185426903475,624.7291959528723,305.5738067626953,160.875506401062
patient_233,236.0,9.44,133.57876821415397,-1246.5266745545207,630.0723466814384,303.5730171203613,165.59072971343994
patient_233,237.0,9.48,67.27972042129028,-1657.4761948215923,632.76353549829,301.95322036743164,167.59872436523438
patient_233,238.0,9.52,21.66447405801903,-1140.381159081781,633.6301144606109,302.70179748535156,167.95894145965576
patient_233,239.0,9.56,101.20582618738884,1988.5338032342454,637.6783475081064,299.7316360473633,170.45668601989746
patient_233,240.0,9.6,12.718150398058846,-2212.1918947332497,638.1870735240287,299.69512939453125,169.97036933898926
patient_233,241.0,9.64,13.1443736735908,10.65558188829887,638.7128484709724,299.2385673522949,169.75683689117432
patient_233,242.0,9.68,21.116850539202055,199.31192164028135,639.5575224925404,298.5432815551758,170.17187118530273
patient_233,243.0,9.72,24.729983594149317,90.32832637368156,640.5467218363063,299.2921257019043,169.5900821685791
patient_233,244.0,9.76,54.84352897405353,752.8386344976052,642.7404629952686,300.03637313842773,167.62317180633545
patient_233,245.0,9.8,86.77207368957194,798.2136178879604,646.2113459428514,302.04708099365234,164.97210502624512
patient_233,246.0,9.84,107.36910169077503,514.9257000300771,650.5061100104824,303.12400817871094,160.99831581115723
patient_233,247.0,9.88,253.6064231174235,3655.9330356662117,660.6503669351794,307.96613693237305,152.56484985351562
patient_233,248.0,9.92,268.2481381947203,366.04287693241986,671.3802924629682,314.2985534667969,144.45898532867432
patient_233,249.0,9.96,12.312541520372385,-6398.389916858698,671.8727941237831,313.9123725891113,144.18737411499023
patient_233,250.0,10.0,304.7547174508964,7311.0543982631,684.062982821819,321.43943786621094,135.24836540222168
patient_233,251.0,10.04,332.5682024316695,695.3371245193267,697.3657109190858,330.3387451171875,126.11440658569336
patient_233,252.0,10.08,20.43505964939384,-7803.32856955689,698.1831133050615,331.06971740722656,125.8320951461792
patient_233,253.0,10.12,39.499510474198374,476.6112706201134,699.7630937240294,329.8030090332031,126.6624927520752
patient_233,254.0,10.16,17.61518586129512,-547.1081153225813,700.4677011584812,329.3441390991211,127.15816497802734
patient_233,255.0,10.2,14.585815314336442,-75.73426367396698,701.0511337710548,328.83392333984375,127.38729000091553
patient_233,256.0,10.24,61.89366251310883,1182.6961799693097,703.5268802715791,327.70259857177734,129.47364807128906
patient_233,257.0,10.28,97.57779951305484,892.1034249986503,707.4299922521013,325.7040023803711,132.63683795928955
patient_233,258.0,10.32,52.6486686620878,-1123.228271274176,709.5359389985849,323.8356399536133,133.40166091918945
patient_233,259.0,10.36,18.654621831566494,-849.8511707630327,710.2821238718476,324.1009521484375,132.73736000061035
patient_233,260.0,10.4,97.54445222301808,1972.24575978629,714.1839019607683,321.3578414916992,130.1945400238037
patient_233,261.0,10.44,53.07967107413226,-1111.6195287221456,716.3070888037334,320.0248718261719,128.65638256072998
patient_233,262.0,10.48,77.01652906339673,598.4214497316119,719.3877499662693,320.0426483154297,125.70319175720215
patient_233,263.0,10.52,87.71311270572086,267.4145910581032,722.8962744744982,320.70850372314453,129.0000343322754
patient_233,264.0,10.56,300.996637304876,5332.088114978879,734.9361399666933,319.4807434082031,140.47644138336182
patient_233,265.0,10.6,239.91307500888814,-1527.0890573996965,744.5326629670489,316.7007637023926,149.24596309661865
patient_233,266.0,10.64,181.703307065612,-1455.2441985819037,751.8007952496732,315.11539459228516,156.0307216644287
patient_233,267.0,10.68,117.69810452415325,-1600.1300635364687,756.5087194306393,312.2248840332031,159.49683666229248
patient_233,268.0,10.72,109.35500619070419,-208.57745833622658,760.8829196782675,310.2238082885742,163.18184852600098
patient_233,269.0,10.76,50.53533332944615,-1470.4918215314508,762.9043330114454,309.2200469970703,164.8394250869751
patient_233,270.0,10.8,17.751879385432144,-819.5863486003503,763.6144081868628,309.31922912597656,165.51286697387695
patient_233,271.0,10.84,40.76946881953015,575.4397358524501,765.2451869396439,309.9664878845215,166.93591117858887
patient_233,272.0,10.88,25.658165621791053,-377.78257994347734,766.2715135645154,310.81899642944336,167.427077293396
patient_233,273.0,10.92,17.873597477269264,-194.6142036130447,766.9864574636063,310.77070236206055,168.1107473373413
patient_233,274.0,10.96,29.818729651704203,298.62830436087347,768.1792066496743,309.67700958251953,168.44427108764648
patient_233,275.0,11.0,20.986798025735258,-220.79829064922362,769.0186785707037,309.24909591674805,167.7627182006836
patient_233,276.0,11.04,135.1880377970157,2855.0309942820113,774.4262000825844,311.45240783691406,163.07039737701416
patient_233,277.0,11.08,269.9502118286046,3369.0543507897223,785.2242085557285,317.949275970459,155.01172542572021
patient_233,278.0,11.12,287.02708641456456,426.9218646489989,796.7052920123111,324.93263244628906,146.50468826293945
patient_233,279.0,11.16,216.24282141908176,-1769.60662488707,805.3550048690744,329.6004104614258,139.65133666992188
patient_233,280.0,11.2,104.475342013385,-2794.186985142419,809.5340185496098,331.4933776855469,136.12060546875
patient_233,281.0,11.24,2.6244707121257114,-2546.271782531482,809.6389973780948,331.5867233276367,136.15821361541748
patient_233,282.0,11.28,74.60825595316776,1799.594631026051,812.6233276162216,332.4491882324219,133.4304141998291
patient_233,283.0,11.32,47.43472232594888,-679.3383406804718,814.5207165092595,331.2457275390625,132.06655025482178
patient_233,284.0,11.36,58.43829991800536,275.089439801412,816.8582485059798,329.0114974975586,132.23868370056152
patient_233,285.0,11.4,69.37864734444823,273.5086856610716,819.6333943997577,326.4224624633789,132.85059928894043
patient_233,286.0,11.44,23.54458262086563,-1145.851618089565,820.5751777045923,325.5748748779297,132.53963470458984
patient_233,287.0,11.48,7.848102405222377,-392.4120053910813,820.8891018008013,325.4405975341797,132.27031230926514
patient_233,288.0,11.52,57.97391303771144,1253.1452658122266,823.2080583223099,324.76402282714844,134.3878984451294
patient_233,289.0,11.56,97.24308890947277,981.7293967940334,827.0977818786887,321.0433578491211,134.14106369018555
patient_233,290.0,11.6,63.66442263017879,-839.4666569823496,829.6443587838959,318.62499237060547,133.8075828552246
patient_233,291.0,11.64,20.926424341020923,-1068.449957228947,830.4814157575368,319.3832588195801,134.0701389312744
patient_233,292.0,11.68,57.36075967564201,910.8583833655271,832.7758461445624,317.18374252319336,134.07850742340088
patient_233,293.0,11.72,25.778013281307857,-789.5686598583538,833.8069666758148,316.23565673828125,133.79884243011475
patient_233,294.0,11.76,51.84898569629861,651.7743103747689,835.8809261036668,317.9387664794922,132.7730369567871
patient_233,295.0,11.8,87.04723993379784,879.9563559374807,839.3628157010187,320.72288513183594,130.93181133270264
patient_233,296.0,11.84,87.48884655707522,11.040165581934502,842.8623695633017,323.9699172973633,130.08828163146973
patient_233,297.0,11.88,83.22588999189978,-106.57391412938608,846.1914051629777,325.89176177978516,132.63606548309326
patient_233,298.0,11.92,24.995632822465858,-1455.756429235848,847.1912304758764,325.8401870727539,133.59314918518066
patient_233,299.0,11.96,27.750946180345522,68.88283394699161,848.3012683230902,324.77954864501953,133.67923736572266
patient_233,300.0,12.0,81.09277330669802,1333.5456781588125,851.544979255358,321.7146301269531,133.15428256988525
patient_233,301.0,12.04,40.183487022072825,-1022.7321571156299,853.152318736241,320.9487533569336,131.81724071502686
patient_233,302.0,12.08,12.329840688017926,-696.3411583513725,853.6455123637617,321.3670349121094,132.03763961791992
patient_233,303.0,12.12,63.8409089877262,1287.776707492707,856.1991487232708,319.2269515991211,133.2262659072876
patient_233,304.0,12.16,84.44935399577257,515.2111252011591,859.5771228831017,316.1647415161133,134.27945137023926
patient_233,305.0,12.2,69.16708714308287,-382.05667131724255,862.343806368825,313.9303970336914,135.70848941802979
patient_233,306.0,12.24,23.137143335302873,-1150.7485951944998,863.269292102237,313.7201690673828,134.84654903411865
patient_233,307.0,12.28,56.855772670486,842.9657333795781,865.5435230090566,313.21224212646484,132.72637367248535
patient_233,308.0,12.32,46.579782372507836,-256.89975744945406,867.4067143039568,311.6961669921875,131.78203582763672
patient_233,309.0,12.36,7.838708683294703,-968.5268422303283,867.7202626512886,311.7156219482422,132.0819854736328
patient_233,310.0,12.4,36.99220274221255,728.8373514729461,869.1999507609771,312.8877830505371,131.2831449508667
patient_233,311.0,12.44,106.60093886140592,1740.218402979834,873.4639883154334,316.10761642456055,128.7648582458496
patient_233,312.0,12.48,120.94651347864156,358.639365430891,878.301848854579,320.30696868896484,130.73318481445312
patient_233,313.0,12.52,122.40850407115944,36.54976481294696,883.1981890174253,324.25724029541016,133.2684087753296
patient_233,314.0,12.56,214.0910265198857,2292.0630612181567,891.7618300782208,325.379638671875,141.40076637268066
patient_233,315.0,12.6,179.17770532397674,-872.8330298977241,898.92893829118,325.6568145751953,148.26584815979004
patient_233,316.0,12.64,174.2031897330193,-124.3628897739363,905.8970658805007,324.0549850463867,154.7508716583252
patient_233,317.0,12.68,119.18246766486565,-1375.5180517038407,910.6643645870953,322.8969955444336,159.17185306549072
patient_233,318.0,12.72,95.13213160375105,-601.2584015278652,914.4696498512453,321.6295623779297,162.59249210357666
patient_233,319.0,12.76,62.20678536766179,-823.1336559022316,916.9579212659519,319.75866317749023,164.0722417831421
patient_233,320.0,12.8,49.646043246062426,-314.018553039984,918.9437629957944,318.4600830078125,165.46428680419922
patient_233,321.0,12.84,33.5631915167895,-402.0712932318231,920.286290656466,317.32288360595703,166.06690406799316
patient_233,322.0,12.88,31.783813937950054,-44.48443947098619,921.557643213984,317.47419357299805,164.85756397247314
patient_233,323.0,12.92,96.51463522421783,1618.2705321566941,925.4182286229527,319.93412017822266,162.09251403808594
patient_233,324.0,12.96,92.26656694770121,-106.20170691291548,929.1088913008608,322.3114776611328,159.4722604751587
patient_233,325.0,13.0,200.05426681769313,2694.692496749798,937.1110619735686,324.23095703125,152.04508781433105
patient_233,326.0,13.04,189.77633603001544,-256.94826969194224,944.7021154147692,324.52911376953125,144.77411270141602
patient_233,327.0,13.08,188.58721943168635,-29.72791495822733,952.2456041920367,321.34376525878906,138.2819652557373
patient_233,328.0,13.12,193.29137351537557,117.60385209223045,959.9772591326516,316.5545463562012,132.62517929077148
patient_233,329.0,13.16,115.71271830730826,-1939.4663802016826,964.605767864944,315.49182891845703,128.31725120544434
patient_233,330.0,13.2,40.73911896764406,-1874.3399834916052,966.2353326236499,314.80783462524414,126.9127893447876
patient_233,331.0,13.24,14.171413775198562,-664.1926298111374,966.8021891746579,314.73655700683594,126.37407302856445
patient_233,332.0,13.28,13.65367000482326,-12.943594259382563,967.3483359748508,314.6584701538086,126.89177513122559
patient_233,333.0,13.32,48.21267448019814,863.9751118843719,969.2768429540587,312.81494140625,127.0305347442627
patient_233,334.0,13.36,16.155953922316556,-801.4180139470395,969.9230811109513,312.2640609741211,127.3139476776123
patient_233,335.0,13.4,98.28359230079035,2053.1909594618446,973.854424802983,309.495849609375,129.8713731765747
patient_233,336.0,13.44,98.10951505179344,-4.351931224922723,977.7788054050548,306.66372299194336,132.3477029800415
patient_233,337.0,13.48,53.068550729296504,-1126.0241080624232,979.9015474342267,304.75000381469727,131.65583610534668
patient_233,338.0,13.52,37.91112397907291,-378.9356687555898,981.4179923933896,303.6531066894531,130.7018280029297
patient_233,339.0,13.56,55.59876112218926,442.1909285779087,983.6419428382771,301.7194366455078,129.80393886566162
patient_233,340.0,13.6,59.11424101267452,87.8869972621315,986.0065124787841,300.91087341308594,127.68628120422363
patient_233,341.0,13.64,37.51097794523189,-540.0815766860657,987.5069515965935,300.28209686279297,126.39261245727539
patient_233,342.0,13.68,34.50859180189393,-75.05965358344912,988.8872952686692,299.31575775146484,125.48862934112549
patient_233,343.0,13.72,35.373124749749415,21.613323696387177,990.3022202586591,298.49512100219727,124.40863609313965
patient_233,344.0,13.76,31.554585209076993,-95.46348851681054,991.5644036670221,297.31781005859375,124.1293716430664
patient_233,345.0,13.8,43.55733825576113,300.06882616710345,993.3066971972526,295.7205390930176,123.64110946655273
patient_233,346.0,13.84,17.43284566825819,-653.1123146875735,994.0040110239829,295.126895904541,123.3337926864624
patient_233,347.0,13.88,38.8116821447601,534.4709119125478,995.5564783097732,293.81629943847656,124.03894901275635
patient_233,348.0,13.92,48.624374318138074,245.31730433444937,997.5014532824987,292.9542541503906,125.69223403930664
patient_233,349.0,13.96,12.413116167097238,-905.281453776021,997.9979779291825,292.554988861084,125.43309688568115
patient_233,350.0,14.0,20.000103280439394,189.6746778335539,998.7979820604,291.7881965637207,125.41933536529541
patient_233,351.0,14.04,35.731884461249514,393.29452952025304,1000.2272574388501,290.5205535888672,124.89931583404541
patient_233,352.0,14.08,38.25951813202552,63.19084176940013,1001.7576381641311,289.0633010864258,124.72975730895996
patient_233,353.0,14.12,73.77256636805828,887.826205900819,1004.7085408188534,287.9197120666504,122.14236259460449
patient_233,354.0,14.16,112.79846442904395,975.6474515246417,1009.2204793960151,289.7064018249512,118.20330619812012
patient_233,355.0,14.2,72.85518018033464,-998.5821062177326,1012.1346866032285,292.45323181152344,118.71276140213013
patient_233,356.0,14.24,95.42649004009378,564.2827464939785,1015.9517462048321,295.3049850463867,121.00560665130615
patient_233,357.0,14.28,236.15216278130345,3518.141818530242,1025.3978327160842,302.4976921081543,126.50698184967041
patient_233,358.0,14.32,262.8635058278742,667.7835761642683,1035.9123729491992,306.7801284790039,135.631685256958
patient_233,359.0,14.36,254.9085172447961,-198.87471457695227,1046.108713638991,309.3097496032715,145.07330417633057
patient_233,360.0,14.4,265.9603729531804,276.2963927096081,1056.7471285571182,311.8377113342285,154.95343208312988
patient_233,361.0,14.44,226.30293801539725,-991.4358734445791,1065.799246077734,311.7595863342285,163.63080024719238
patient_233,362.0,14.48,180.5434017560638,-1143.9884064833363,1073.0209821479768,310.8363342285156,170.49200534820557
patient_233,363.0,14.52,157.92572239162962,-565.4419841108542,1079.338011043642,309.6408462524414,176.42858505249023
patient_233,364.0,14.56,106.54862773492947,-1284.427366417504,1083.599956153039,309.36513900756836,180.50494194030762
patient_233,365.0,14.6,60.13417672491326,-1160.3612752504052,1086.0053232220357,308.01952362060547,182.3774814605713
patient_233,366.0,14.64,14.215661871669433,-1147.9628713310956,1086.5739496969024,308.3134651184082,181.9184160232544
patient_233,367.0,14.68,34.47703212146499,506.53425624488887,1087.953030981761,308.4178352355957,180.60050010681152
patient_233,368.0,14.72,19.673643208729,-370.08472281839965,1088.73997671011,308.89102935791016,180.01296043395996
patient_233,369.0,14.76,35.06444496040704,384.7700437919509,1090.1425545085265,309.2085266113281,181.3195037841797
patient_233,370.0,14.8,58.62068066237864,588.90589254929,1092.4873817350215,309.262752532959,183.56669425964355
patient_233,371.0,14.84,30.111155806635573,-712.7381213935766,1093.691827967287,309.24413681030273,182.4122142791748
patient_233,372.0,14.88,95.5362786153579,1635.6280702180584,1097.5132791119013,310.50018310546875,178.97087574005127
patient_233,373.0,14.92,203.33653599764247,2695.006434557114,1105.646740551807,313.4647560119629,171.75939559936523
patient_233,374.0,14.96,335.69745483016027,3309.022970812945,1119.0746387450133,314.6387481689453,158.94052505493164
patient_233,375.0,15.0,285.43674060381363,-1256.517855658666,1130.4921083691659,316.5225601196289,148.15861701965332
patient_233,376.0,15.04,196.54131043426378,-2222.3857542387464,1138.3537607865362,315.8864402770996,140.6490182876587
patient_233,377.0,15.08,209.81775773706315,331.91118256998425,1146.7464710960187,314.48936462402344,132.72565841674805
patient_233,378.0,15.12,159.5321420425574,-1257.1403923626435,1153.127756777721,313.0976867675781,126.76870822906494
patient_233,379.0,15.16,104.23853685208738,-1382.3401297617509,1157.2972982518047,311.49375915527344,123.10754299163818
patient_233,380.0,15.2,69.61322726773756,-865.6327396087455,1160.081827342514,308.82556915283203,123.02850723266602
patient_233,381.0,15.24,70.23515852810684,15.548281509231998,1162.8912336836383,306.6617202758789,124.63198184967041
patient_233,382.0,15.28,69.47395993500068,-19.029964827653956,1165.6701920810383,304.3809509277344,126.00860595703125
patient_233,383.0,15.32,76.81347254339082,183.48781520975342,1168.742730982774,301.7573547363281,127.34743595123291
patient_233,384.0,15.36,60.104656746906755,-417.7203949121015,1171.1469172526504,299.52362060546875,127.91514873504639
patient_233,385.0,15.4,24.954710944150186,-878.7486450689142,1172.1451056904164,298.5739326477051,128.0324363708496
patient_233,386.0,15.44,18.755816489680488,-154.97236136174246,1172.8953383500036,298.542537689209,127.31391906738281
patient_233,387.0,15.48,25.291904861206365,163.40220928814693,1173.9070145444518,297.6106643676758,127.58259773254395
patient_233,388.0,15.52,59.06646223751019,844.3639344075955,1176.2696730339524,296.3742256164551,129.4802713394165
patient_233,389.0,15.56,51.39422689409664,-191.80588358533868,1178.325442109716,294.7282028198242,130.56398391723633
patient_233,390.0,15.6,4.7279327618889075,-1166.6573533051933,1178.5145594201917,294.5898246765137,130.68111419677734
patient_233,391.0,15.64,48.470481105522225,1093.563708590833,1180.4533786644126,293.7563133239746,132.3423671722412
patient_233,392.0,15.68,4.131125201031151,-1108.483897612277,1180.6186236724539,293.8958740234375,132.26742267608643
patient_233,393.0,15.72,42.353206093279745,955.5520223062148,1182.312751916185,294.4133758544922,130.72802066802979
patient_233,394.0,15.76,40.25029133238775,-52.57286902229996,1183.9227635694806,295.48547744750977,129.61772918701172
patient_233,395.0,15.8,27.092433522331778,-328.9464452513992,1185.0064609103738,294.44766998291016,129.66482162475586
patient_233,396.0,15.84,50.193412438828986,577.5244729124302,1187.014197407927,294.4128608703613,127.74044036865234
patient_233,397.0,15.88,128.19148830948896,1949.9518967664994,1192.1418569403065,291.7009162902832,123.64065170288086
patient_233,398.0,15.92,104.6286856495576,-589.0700664982841,1196.327004366289,294.0075874328613,120.35799980163574
patient_233,399.0,15.96,133.16609819804796,713.4353137122591,1201.6536482942108,298.58470916748047,122.62175559997559
patient_233,400.0,16.0,221.61946908066048,2211.334272065313,1210.5184270574373,303.44173431396484,129.5950984954834
patient_233,401.0,16.04,280.460035259862,1471.0141544800385,1221.7368284678316,306.525821685791,139.89779949188232
patient_233,402.0,16.08,281.5820606473062,28.05063468610456,1233.000110893724,308.7377738952637,150.4662322998047
patient_233,403.0,16.12,281.40063646498174,-4.535604558111572,1244.2561363523232,309.158935546875,161.2484836578369
patient_233,404.0,16.16,268.5198463452332,-322.01975299371384,1254.9969302061324,308.82965087890625,171.53976917266846
patient_233,405.0,16.2,240.9348225633827,-689.625594546262,1264.6343231086678,307.0690727233887,180.60925483703613
patient_233,406.0,16.24,234.06170425322128,-171.82795775403576,1273.9967912787968,304.583797454834,189.23353672027588
patient_233,407.0,16.28,107.7410075461292,-3158.017417677302,1278.3064315806419,303.4645462036133,193.21043014526367
patient_233,408.0,16.32,80.65833856476645,-677.0667245340686,1281.5327651232326,303.3349800109863,196.3006067276001
patient_233,409.0,16.36,18.780122737810252,-1546.955395673905,1282.2839700327452,303.59928131103516,195.63072681427002
patient_233,410.0,16.4,51.160514077713074,809.5097834975705,1284.3303905958537,305.54882049560547,195.41191577911377
patient_233,411.0,16.44,45.22387275897339,-148.41603296849203,1286.1393455062125,306.59109115600586,194.02595043182373
patient_233,412.0,16.48,50.83778724991251,140.34786227347792,1288.172856996209,308.5286521911621,194.2405128479004
patient_233,413.0,16.52,28.57397412763695,-556.5953280568889,1289.3158159613145,309.5174217224121,194.71259593963623
patient_233,414.0,16.56,44.612247709467674,400.95683954576805,1291.1003058696933,310.7237243652344,195.925555229187
patient_233,415.0,16.6,100.71411064162773,1402.5465733040014,1295.1288702953584,310.5474662780762,199.78347301483154
patient_233,416.0,16.64,49.076192639456195,-1290.9479500542882,1297.0919180009366,312.4258232116699,199.89817142486572
patient_233,417.0,16.68,156.33396487743073,2681.4443059493633,1303.3452765960337,315.34473419189453,194.66208457946777
patient_233,418.0,16.72,271.4214738496677,2877.1877243059234,1314.2021355500206,317.30812072753906,184.44113731384277
patient_233,419.0,16.76,350.25382897605317,1970.8088781596373,1328.212288709063,317.5309944152832,171.01229667663574
patient_233,420.0,16.8,431.7408108789163,2037.1745475715784,1345.4819211442195,317.18738555908203,154.46050643920898
patient_233,421.0,16.84,312.6330334850618,-2977.694434846363,1357.9872424836221,312.4495506286621,143.44835758209229
patient_233,422.0,16.88,309.7552246139384,-71.94522177808409,1370.3774514681797,305.948429107666,133.507719039917
patient_233,423.0,16.92,181.77239298311397,-3199.5707907706114,1377.6483471875042,302.061710357666,127.72181510925293
patient_233,424.0,16.96,139.27712145510722,-1062.3817882001688,1383.2194320457086,299.33563232421875,123.12930107116699
patient_233,425.0,17.0,78.76230951943514,-1512.8702983918022,1386.369924426486,296.435546875,122.28607177734375
patient_233,426.0,17.04,68.70470814767695,-251.44003429395454,1389.118112752393,295.0611686706543,124.53369140625
patient_233,427.0,17.08,39.33305125448121,-734.2914223298935,1390.691434802572,293.75478744506836,125.28747081756592
patient_233,428.0,17.12,51.65431405132611,308.03156992112247,1392.757607364625,294.8037528991699,126.96762084960938
patient_233,429.0,17.16,10.643888796132282,-1025.2606313798458,1393.1833629164705,294.4077682495117,126.86872959136963
patient_233,430.0,17.2,71.96522096348605,1533.0333041838442,1396.06197175501,296.02962493896484,129.10137176513672
patient_233,431.0,17.24,36.54065756007167,-885.6140850853594,1397.523598057413,296.9039535522461,130.19628524780273
patient_233,432.0,17.28,80.85621380009893,1107.8889060006813,1400.757846609417,299.9647331237793,130.69085597991943
patient_233,433.0,17.32,38.77209560649604,-1052.1029548400722,1402.3087304336766,299.4497299194336,132.0855474472046
patient_233,434.0,17.36,37.6345408434308,-28.43886907663098,1403.8141120674138,298.35094451904297,133.02110195159912
patient_233,435.0,17.4,46.924477393717645,232.24841375717116,1405.6910911631626,297.05921173095703,134.27372932434082
patient_233,436.0,17.44,32.98081608714273,-348.59153266437295,1407.010323806648,295.79992294311523,134.15719985961914
patient_233,437.0,17.48,7.36866635760523,-640.3037432384375,1407.3050704609525,295.66341400146484,134.4045925140381
patient_233,438.0,17.52,33.154404056176396,644.6434424642792,1408.6312466231996,296.42751693725586,135.42067050933838
patient_233,439.0,17.56,34.30885145870554,28.86118506322859,1410.0036006815478,297.1493148803711,136.52057647705078
patient_233,440.0,17.6,15.782101820964145,-463.1687409435349,1410.6348847543863,297.4672317504883,136.00563526153564
patient_233,441.0,17.64,48.97176277240813,829.7415237860996,1412.5937552652829,297.0075225830078,137.82634735107422
patient_233,442.0,17.68,20.909507278773884,-701.5563873408561,1413.430135556434,296.30062103271484,137.44799137115479
patient_233,443.0,17.72,48.97513444233988,701.6406790891499,1415.3891409341275,296.9406509399414,135.68243980407715
patient_233,444.0,17.76,45.48794286092108,-87.17978953546996,1417.2086586485643,296.7854309082031,133.9450979232788
patient_233,445.0,17.8,36.71971367649022,-219.20572961077144,1418.677447195624,295.8489227294922,134.99653816223145
patient_233,446.0,17.84,25.081910054869137,-290.94509054052713,1419.6807235978185,294.9161148071289,135.23082733154297
patient_233,447.0,17.88,21.457482977321007,-90.61067693870326,1420.5390229169113,294.2521858215332,135.71682929992676
patient_233,448.0,17.92,25.818367408561663,109.02211078101641,1421.5717576132538,293.53254318237305,135.0369358062744
patient_233,449.0,17.96,17.929034381009707,-197.2333256887989,1422.288918988494,293.9965629577637,134.52964782714844
patient_233,450.0,18.0,15.059425824563634,-71.74021391115181,1422.8912960214764,294.5657539367676,134.43225860595703
patient_233,451.0,18.04,42.98349992191468,698.1018524337761,1424.610636018353,295.7149887084961,133.25077056884766
patient_233,452.0,18.08,80.28669333734857,932.5798353858472,1427.8221037518472,298.23734283447266,131.4856195449829
patient_233,453.0,18.12,39.80039635178648,-1012.1574246390521,1429.4141196059186,299.5941352844238,130.78682899475098
patient_233,454.0,18.16,27.763370394656405,-300.9256489282519,1430.5246544217048,300.3887176513672,131.495361328125
patient_233,455.0,18.2,118.64310398419406,2271.993339738441,1435.2703785810725,297.50213623046875,127.97896385192871
patient_233,456.0,18.24,123.72710388409367,127.09999749749024,1440.219462736436,298.3284378051758,123.30708503723145
patient_233,457.0,18.28,106.35628328090345,-434.2705150797553,1444.4737140676723,301.82655334472656,121.21049880981445
patient_233,458.0,18.32,196.8570720971495,2262.5197204061515,1452.3479969515581,307.1493148803711,126.5630292892456
patient_233,459.0,18.36,212.8790519258585,400.5494957177248,1460.8631590285927,310.7255172729492,133.90093803405762
patient_233,460.0,18.4,266.9806209987444,1352.539226822148,1471.5423838685424,315.02479553222656,143.19196701049805
patient_233,461.0,18.44,45.13788395467437,-5546.068426101751,1473.3478992267294,314.630069732666,144.87719535827637
patient_233,462.0,18.48,251.5345362713609,5159.916307917163,1483.4092806775839,317.82142639160156,153.97916793823242
patient_233,463.0,18.52,231.2792092553236,-506.3831754009328,1492.6604490477966,320.3042984008789,162.49305725097656
patient_233,464.0,18.56,254.3664911718407,577.1820479129275,1502.8351086946705,322.1168518066406,172.076997756958
patient_233,465.0,18.6,231.02604079492613,-583.511259422864,1512.0761503264675,322.41554260253906,180.93079090118408
patient_233,466.0,18.64,153.66615942893216,-1933.9970341498492,1518.2227967036247,321.4759063720703,186.7478084564209
patient_233,467.0,18.68,244.65554478303702,2274.7346338526213,1528.0090184949463,320.0785446166992,196.0246181488037
patient_233,468.0,18.72,17.350318074514362,-5682.630667713066,1528.703031217927,319.8249053955078,196.63968086242676
patient_233,469.0,18.76,26.500874907937707,228.7639208355836,1529.7630662142444,320.83385467529297,196.51857376098633
patient_233,470.0,18.8,61.99856344459906,887.4422134165337,1532.2430087520283,323.2047653198242,196.34342193603516
patient_233,471.0,18.84,15.642583260965502,-1158.899504590839,1532.868712082467,323.4386444091797,195.79107284545898
patient_233,472.0,18.88,144.1119647282476,3211.7345366820527,1538.633190671597,327.14420318603516,199.89060401916504
patient_233,473.0,18.92,90.06262364159814,-1351.2335271662369,1542.235695617261,330.1224899291992,198.14231872558594
patient_233,474.0,18.96,70.71486526003602,-483.6939595390529,1545.0642902276625,332.2102737426758,196.41201496124268
patient_233,475.0,19.0,116.86975745998525,1153.8723049987307,1549.7390805260618,334.7263717651367,192.70357131958008
patient_233,476.0,19.04,155.07554452201168,955.1446765506607,1555.9421023069424,336.97540283203125,187.19882011413574
patient_233,477.0,19.08,293.70635666867196,3465.770303666507,1567.6903565736893,338.0078125,175.98389625549316
patient_233,478.0,19.12,383.9368251194213,2255.761711268734,1583.0478295784662,336.4507293701172,161.34418487548828
patient_233,479.0,19.16,569.586377781952,4641.238816563267,1605.8312846897443,328.91178131103516,140.84542751312256
patient_233,480.0,19.2,449.00901357014504,-3014.4341052951745,1623.7916452325503,314.08681869506836,132.08966732025146
patient_233,481.0,19.24,280.1961094610076,-4220.322602728436,1634.9994896109906,304.02307510375977,128.32659244537354
patient_233,482.0,19.28,36.99900954024848,-6079.9274980189775,1636.4794499926004,305.29279708862305,127.69361972808838
patient_233,483.0,19.32,129.8927933112031,2322.3445942738654,1641.6751617250486,300.9092903137207,125.32858371734619
patient_233,484.0,19.36,79.52365974796055,-1259.2283390810635,1644.8561081149671,298.0750274658203,126.45360946655273
patient_233,485.0,19.4,93.94501681753218,360.5339267392907,1648.6139087876684,294.9623107910156,128.26692581176758
patient_233,486.0,19.44,117.76311902120796,595.4525550918945,1653.3244335485165,291.24427795410156,130.82968711853027
patient_233,487.0,19.48,70.7558342317322,-1175.182119736894,1656.154666917786,289.31339263916016,132.7357292175293
patient_233,488.0,19.52,69.64513332532667,-27.767522660138155,1658.940472250799,288.0963897705078,135.11289596557617
patient_233,489.0,19.56,14.409537276256358,-1380.8899012267577,1659.5168537418492,288.11798095703125,135.6650161743164
patient_233,490.0,19.6,28.96692969805601,363.9348105449913,1660.6755309297714,289.1792678833008,135.3372287750244
patient_233,491.0,19.64,65.41247512927607,911.1386357805018,1663.2920299349425,290.4308319091797,133.16350936889648
patient_233,492.0,19.68,13.212682646705932,-1304.9948120642537,1663.8205372408108,290.91285705566406,133.00748348236084
patient_233,493.0,19.72,37.7736019689707,614.0229830566193,1665.3314813195695,292.1873474121094,132.31923580169678
patient_233,494.0,19.76,29.516297861925054,-206.43260267614122,1666.5121332340466,293.218936920166,131.85357570648193
patient_233,495.0,19.8,78.24482562398026,1218.2131940513802,1669.641926259006,295.0208282470703,129.45456504821777
patient_233,496.0,19.84,131.6244186452061,1334.4898255306462,1674.9069030048142,297.5743103027344,125.10093212127686
patient_233,497.0,19.88,144.12184246291505,312.43559544272375,1680.6717767033306,303.0007553100586,124.05441284179688
patient_233,498.0,19.92,152.92037187240524,219.96323523725465,1686.7885915782267,308.5659408569336,125.90187549591064
patient_233,499.0,19.96,149.35066642974235,-89.24263606657235,1692.7626182354165,311.65882110595703,130.72182655334473
patient_233,500.0,20.0,273.68799680813424,3108.4332594597972,1703.7101381077418,315.5392074584961,140.47282218933105
patient_233,501.0,20.04,268.61648169869136,-126.78787773607212,1714.4547973756896,318.2189750671387,150.418381690979
patient_233,502.0,20.08,217.47012253033793,-1278.6589792088357,1723.153602276903,319.4709014892578,158.66289138793945
patient_233,503.0,20.12,150.8094699577775,-1666.5163143140105,1729.1859810752142,318.64892959594727,164.38705444335938
patient_233,504.0,20.16,113.66198943870808,-928.6870129767358,1733.7324606527627,318.59928131103516,168.74520778656006
patient_233,505.0,20.2,120.90308950166326,181.0275015738796,1738.5685842328292,316.8745422363281,173.0485439300537
patient_233,506.0,20.24,83.16206623288367,-943.5255817194897,1741.8950668821446,315.9388542175293,176.09707832336426
patient_233,507.0,20.28,20.218598679805545,-1573.5866888269532,1742.7038108293368,315.4774284362793,176.72010898590088
patient_233,508.0,20.32,11.622889726146381,-214.8927238414791,1743.1687264183827,315.0876808166504,176.5039300918579
patient_233,509.0,20.36,57.77319625327924,1153.7576631783213,1745.4796542685137,317.30302810668945,176.50440216064453
patient_233,510.0,20.4,63.636263888231916,146.57669087381694,1748.0251048240432,319.1908645629883,174.95827674865723
patient_233,511.0,20.44,67.97462185496525,108.45894916833333,1750.7440896982416,321.6225051879883,175.8969497680664
patient_233,512.0,20.48,18.872297662945453,-1227.558104800495,1751.4989816047594,321.59793853759766,176.62020206451416
patient_233,513.0,20.52,61.26877928030602,1059.9120404340142,1753.9497327759716,323.46736907958984,178.04317474365234
patient_233,514.0,20.56,74.94793765260644,341.97895930751054,1756.947650282076,326.33983612060547,177.95170783996582
patient_233,515.0,20.6,114.84086069991568,997.323076182731,1761.5412847100724,330.64380645751953,177.0201015472412
patient_233,516.0,20.64,179.9951900712292,1628.8582342828377,1768.7410923129216,337.15492248535156,174.73028182983398
patient_233,517.0,20.68,210.8288450069974,770.8413733942052,1777.1742461132014,344.5533752441406,171.47149085998535
patient_233,518.0,20.72,245.40661169618238,864.4441672296246,1786.9905105810487,353.15113067626953,167.64636039733887
patient_233,519.0,20.76,127.42645083652602,-2949.5040214914093,1792.0875686145096,357.81959533691406,166.20386123657227
patient_233,520.0,20.8,107.36608804720314,-501.509069733072,1796.3822121363978,361.507568359375,168.03380012512207
patient_233,521.0,20.84,200.7203080198714,2333.8554993167063,1804.4110244571928,365.2831268310547,174.74088191986084
patient_233,522.0,20.88,212.52807641351848,295.194209841177,1812.9121475137333,367.85484313964844,182.47398376464844
patient_233,523.0,20.92,169.347605924864,-1079.5117622163616,1819.686051750728,368.1239318847656,188.962140083313
patient_233,524.0,20.96,154.52201971149927,-370.63965533411863,1825.866932539188,367.9060363769531,194.8833703994751
patient_233,525.0,21.0,164.8951831921195,259.3290870155059,1832.4627398668727,366.86946868896484,201.12082958221436
patient_233,526.0,21.04,144.4843103945563,-510.27181993908005,1838.242112282655,364.11380767822266,205.92724800109863
patient_233,527.0,21.08,95.06796204615111,-1235.4087087101298,1842.044830764501,361.00982666015625,207.83892631530762
patient_233,528.0,21.12,69.24852721035222,-645.4858708949722,1844.814771852915,358.7028503417969,209.15379524230957
patient_233,529.0,21.16,29.643742342589515,-990.1196216940675,1846.0005215466185,358.18233489990234,210.16432285308838
patient_233,530.0,21.2,15.215122017889906,-360.71550811749023,1846.6091264273343,358.06835174560547,210.73651313781738
patient_233,531.0,21.24,9.106630914400577,-152.7122775872332,1846.9733916639102,358.19568634033203,210.41135787963867
patient_233,532.0,21.28,14.30091067863452,129.85699410584854,1847.5454280910556,358.6363983154297,210.08502960205078
patient_233,533.0,21.32,17.62051178961666,82.99002777455354,1848.2502485626403,358.06827545166016,209.7192907333374
patient_233,534.0,21.36,9.590311348475845,-200.75501102852039,1848.6338610165794,357.71846771240234,209.60583686828613
patient_233,535.0,21.4,17.07727011336339,187.17396912218862,1849.3169518211137,357.18955993652344,209.21974182128906
patient_233,536.0,21.44,7.801145045641045,-231.90312669305862,1849.6289976229393,357.23297119140625,209.51571464538574
patient_233,537.0,21.48,12.215666615484787,110.36303924609356,1850.1176242875588,356.8293762207031,209.27796363830566
patient_233,538.0,21.52,12.747471344805524,13.29511823301841,1850.6275231413508,356.97364807128906,208.8109302520752
patient_233,539.0,21.56,14.795922270445205,51.211273140992034,1851.2193600321687,356.4143753051758,208.90637397766113
patient_233,540.0,21.6,24.02321711057832,230.68237100332786,1852.1802887165918,356.8815231323242,208.11242580413818
patient_233,541.0,21.64,7.805855538095096,-405.4340393120806,1852.4925229381156,356.61808013916016,208.25451850891113
patient_233,542.0,21.68,3.855177551944257,-98.76694965377098,1852.6467300401935,356.6994857788086,208.13112258911133
patient_233,543.0,21.72,14.58689188650417,268.2928583639978,1853.2302057156535,357.0754623413086,207.7169895172119
patient_233,544.0,21.76,62.13398582993483,1188.6773485857666,1855.7155651488508,356.77684783935547,205.35321235656738
patient_233,545.0,21.8,105.80236648733106,1091.7095164349057,1859.947659808344,357.2613525390625,201.32519245147705
patient_233,546.0,21.84,189.55057983389628,2093.7053336641306,1867.5296830016998,355.2535629272461,194.3395757675171
patient_233,547.0,21.88,253.81789467689646,1606.6828710750044,1877.6823987887756,352.7147674560547,184.94373321533203
patient_233,548.0,21.92,121.35913001168852,-3311.469116630198,1882.5367639892431,350.3389358520508,188.94514560699463
patient_233,549.0,21.96,259.1398621846759,3444.5183043246843,1892.90235847663,342.84839630126953,182.41573333740234
patient_233,550.0,22.0,137.4822412162688,-3041.440524210178,1898.4016481252809,339.1741180419922,178.63526344299316
patient_233,551.0,22.04,180.45326771376133,1074.2756624373137,1905.6197788338313,332.6981735229492,176.19747161865234
patient_233,552.0,22.08,66.32340836229928,-2853.2464837865514,1908.2727151683234,330.1597213745117,176.0419750213623
patient_233,553.0,22.12,37.339378880911454,-724.6007370346955,1909.76629032356,328.81996154785156,175.53690433502197
patient_233,554.0,22.16,22.256455627528506,-377.0730813345737,1910.6565485486612,329.62989807128906,175.26791095733643
patient_233,555.0,22.2,35.38281514351466,328.1589878996539,1912.0718611544019,330.36144256591797,176.4105749130249
patient_233,556.0,22.24,26.397726653378175,-224.62721225341218,1913.1277702205368,331.3723373413086,176.46267414093018
patient_233,557.0,22.28,32.39921016639383,150.03708782539132,1914.4237386271927,332.5687789916992,176.79734230041504
patient_233,558.0,22.32,42.645694090927456,256.1620981133407,1916.12956639083,334.0582275390625,177.4723720550537
patient_233,559.0,22.36,52.87195002636122,255.65639838584406,1918.2444443918844,335.19020080566406,179.15433883666992
patient_233,560.0,22.4,11.01150285028687,-1046.5111794018587,1918.6849045058957,335.6097412109375,179.10664558410645
patient_233,561.0,22.44,12.216451232634293,30.123709558685576,1919.173562555201,335.3474426269531,179.49477195739746
patient_233,562.0,22.48,4.730187240329579,-187.15659980761785,1919.3627700448144,335.179443359375,179.42639350891113
patient_233,563.0,22.52,42.13274195770059,935.0638679342753,1921.0480797231223,335.9950256347656,178.03175926208496
patient_233,564.0,22.56,88.5134973758318,1159.5188854532803,1924.5886196181557,335.2633285522461,174.71746444702148
patient_233,565.0,22.6,116.16743106486042,691.3483422257154,1929.2353168607501,336.8492889404297,170.55484771728516
patient_233,566.0,22.64,168.4271702152264,1306.4934787591494,1935.972403669359,337.1563720703125,164.1037130355835
patient_233,567.0,22.68,186.5672014932183,453.5007819497977,1943.4350917290878,337.23968505859375,156.95016860961914
patient_233,568.0,22.72,170.72696132847847,-396.006004118496,1950.2641701822272,335.6789016723633,150.59231758117676
patient_233,569.0,22.76,216.11621691804112,1134.7313897390663,1958.9088188589487,331.8946075439453,143.21971893310547
patient_233,570.0,22.8,178.11669344413417,-949.9880868476737,1966.033486596714,327.5108337402344,137.9822301864624
patient_233,571.0,22.84,142.0636460048025,-901.3261859832916,1971.7160324369063,323.24337005615234,134.59635257720947
patient_233,572.0,22.88,122.30544381982621,-493.95505462440747,1976.6082501896992,318.8093948364258,133.06835174560547
patient_233,573.0,22.92,49.72965149985161,-1814.394807999365,1978.5974362496934,316.95091247558594,133.49538803100586
patient_233,574.0,22.96,85.22450428153032,887.3713195419675,1982.0064164209546,314.5480537414551,135.71033477783203
patient_233,575.0,23.0,122.68425592221087,936.4937910170138,1986.913786657843,316.1415481567383,140.1366376876831
patient_233,576.0,23.04,117.48544375358219,-129.97030421571694,1991.6132044079866,320.17059326171875,142.15214252471924
patient_233,577.0,23.08,168.8780015907513,1284.8139459292277,1998.3683244716167,322.4117660522461,148.22768211364746
patient_233,578.0,23.12,174.25523172873267,134.43075344953428,2005.338533740766,323.10970306396484,154.87305164337158
patient_233,579.0,23.16,175.20141213804803,23.654510232884007,2012.3465902262878,322.5741958618164,161.5698766708374
patient_233,580.0,23.2,175.01786550978628,-4.588665706543793,2019.3473048466794,321.86668395996094,168.24364185333252
patient_233,581.0,23.24,161.09157460426445,-348.1572726380456,2025.79096783085,319.8815727233887,174.09313201904297
patient_233,582.0,23.28,100.279702647814,-1520.2967989112612,2029.8021559367626,318.9371871948242,177.8206443786621
patient_233,583.0,23.32,6.816360598086435,-2336.5835512431895,2030.0748103606861,319.12769317626953,177.99960136413574
patient_233,584.0,23.36,94.01778619778516,2180.035639992468,2033.8355218085976,321.7462158203125,175.5215835571289
patient_233,585.0,23.4,230.62221998443047,3415.1108446661324,2043.0604106079745,323.72711181640625,166.90295219421387
patient_233,586.0,23.44,261.4077468754223,769.6381722747951,2053.516720482992,325.41526794433594,157.02229499816895
patient_233,587.0,23.48,169.31863901360467,-2302.2276965454403,2060.289466043536,326.1032485961914,150.56622505187988
patient_233,588.0,23.52,190.28991578767545,524.2819193517697,2067.901062675043,325.34934997558594,143.30849647521973
patient_233,589.0,23.56,171.88566465548737,-460.10627830470196,2074.776489261262,324.6340560913086,136.75636768341064
patient_233,590.0,23.6,101.00110226518771,-1772.1140597574915,2078.8165333518696,321.1122512817383,135.1449680328369
patient_233,591.0,23.64,55.229702461026,-1144.2849951040428,2081.025721450311,319.3271064758301,136.284441947937
patient_233,592.0,23.68,68.80446263726657,339.36900440601414,2083.7778999558013,317.93025970458984,138.52267742156982
patient_233,593.0,23.72,96.62712651055783,695.5665968322816,2087.6429850162235,317.96871185302734,142.2277021408081
patient_233,594.0,23.76,233.19376368366804,3414.1659293277557,2096.9707355635705,314.20515060424805,150.3390598297119
patient_233,595.0,23.8,212.89544109822927,-507.4580646359692,2105.4865532074996,310.5047416687012,157.61582851409912
patient_233,596.0,23.84,203.3737205547252,-238.04301358760185,2113.621502029688,307.1164321899414,164.63976860046387
patient_233,597.0,23.88,211.27308323198537,197.4840669315043,2122.072425358968,304.19721603393555,172.19693183898926
patient_233,598.0,23.92,117.6179282958407,-2341.3788734036166,2126.7771424908015,301.49959564208984,175.81136226654053
patient_233,599.0,23.96,70.20707905026563,-1185.2712311393766,2129.585425652812,303.8562774658203,174.5099687576294
patient_233,600.0,24.0,160.25764217601454,2251.2640781437226,2135.9957313398527,307.72838592529297,169.7381830215454
patient_233,601.0,24.04,226.24463783976444,1649.6748915937474,2145.045516853443,311.52591705322266,161.93800449371338
patient_233,602.0,24.08,244.48818331520735,456.0886368860729,2154.8250441860514,313.6936569213867,152.81702041625977
patient_233,603.0,24.12,277.7526306232288,831.6111827005365,2165.935149410981,318.28744888305664,143.2080602645874
patient_233,604.0,24.16,184.78459468214646,-2324.2008985270586,2173.3265331982666,319.3835639953613,136.20768070220947
patient_233,605.0,24.2,111.51043460927859,-1831.8540018216968,2177.786950582638,317.6361083984375,132.30511665344238
patient_233,606.0,24.24,39.42039663923361,-1802.2509492511247,2179.363766448207,316.27689361572266,132.96652793884277
patient_233,607.0,24.28,80.82301120978072,1035.0653642636778,2182.5966868965984,315.3002166748047,135.90781688690186
patient_233,608.0,24.32,127.0588492463474,1155.8959509141673,2187.6790408664524,315.7578468322754,140.75842380523682
patient_233,609.0,24.36,185.4055877493985,1458.6684625762775,2195.095264376428,315.62395095825195,147.86664962768555
patient_233,610.0,24.4,25.4532303039909,-3998.8089361351904,2196.1133935885878,316.38721466064453,147.25833892822266
patient_233,611.0,24.44,221.6586203413157,4905.13475093312,2204.9797384022404,314.7223091125488,155.5933141708374
patient_233,612.0,24.48,478.55685512074456,6422.455869485722,2224.1220126070702,307.92394638061523,172.6381015777588
patient_233,613.0,24.52,258.6924919369541,-5496.609079594761,2234.469712284548,305.54882049560547,182.26927757263184
patient_233,614.0,24.56,150.80135506165874,-2697.2784218823845,2240.5017664870147,302.76723861694336,187.33888149261475
patient_233,615.0,24.6,38.27105666205427,-2813.257459990112,2242.032608753497,301.3206100463867,187.5856590270996
patient_233,616.0,24.64,125.61355275636787,2183.56240235784,2247.0571508637518,302.28357315063477,182.86617279052734
patient_233,617.0,24.68,305.6167767361138,4500.080599493648,2259.281821933196,307.0680618286133,172.16827869415283
patient_233,618.0,24.72,388.4071569479263,2069.759505295312,2274.818108211113,314.613037109375,159.32710647583008
patient_233,619.0,24.76,352.77049839450075,-890.9164638356388,2288.928928146893,319.2076301574707,146.6041088104248
patient_233,620.0,24.8,14.37543350216186,-8459.876622308473,2289.5039454869793,319.7223472595215,146.80140495300293
patient_233,621.0,24.84,306.0269855408096,7291.288800966194,2301.745024908612,321.0585021972656,135.14293670654297
patient_233,622.0,24.88,179.42485905906315,-3165.053162043662,2308.9220192709745,321.5999221801758,128.28412055969238
patient_233,623.0,24.92,77.56335888326406,-2546.5375043949775,2312.024553626305,318.635311126709,128.04532527923584
patient_233,624.0,24.96,73.62717130446039,-98.40468947009171,2314.9696404784836,316.8061065673828,130.19588470458984
patient_233,625.0,25.0,138.80481833962875,1629.4411758792091,2320.521833212069,319.62289810180664,134.7119951248169
patient_233,626.0,25.04,253.8338572841074,2875.7259736119663,2330.6751875034333,318.8621139526367,144.4156265258789
patient_233,627.0,25.08,247.73535812190258,-152.46247905512078,2340.584601828309,319.4572067260742,153.89652729034424
patient_233,628.0,25.12,334.8155166490592,2177.0039631789155,2353.9772224942717,318.7010192871094,166.7129373550415
patient_233,629.0,25.16,266.7688530181046,-1701.1665907738645,2364.647976614996,318.20518493652344,176.93032264709473
patient_233,630.0,25.2,270.24070542108456,86.7963100744987,2375.4576048318395,317.0025444030762,187.22283840179443
patient_233,631.0,25.24,23.91764254787919,-6158.0765718301345,2376.4143105337544,316.480712890625,186.46862983703613
patient_233,632.0,25.28,83.0631006403426,1478.6364523115851,2379.736834559368,316.8842124938965,189.62807178497314
patient_233,633.0,25.32,152.69761198088645,1740.8627835135962,2385.8447390386036,318.7374496459961,184.07381057739258
patient_233,634.0,25.36,250.8627420379566,2454.1282514267536,2395.879248720122,320.4890823364258,174.61515426635742
patient_233,635.0,25.4,365.5367371245674,2866.8498771652708,2410.5007182051045,324.1575622558594,161.087007522583
patient_233,636.0,25.44,600.1862149274662,5866.236945072468,2434.5081668022035,326.7735290527344,138.22166919708252
patient_233,637.0,25.48,252.57959300867128,-8690.165547969871,2444.61135052255,324.0467071533203,128.92813682556152
patient_233,638.0,25.52,101.52513661697628,-3776.361409792375,2448.672355987229,320.2975082397461,127.87967205047607
patient_233,639.0,25.56,66.79794562263626,-868.1797748585005,2451.344273812135,317.930908203125,128.85947227478027
patient_233,640.0,25.6,25.92627425058189,-1021.7917843013593,2452.381324782158,318.16959381103516,129.82455253601074
patient_233,641.0,25.64,19.527256713994465,-159.97543841468564,2453.1624150507178,318.7510681152344,130.29632091522217
patient_233,642.0,25.68,187.84999820519727,4208.06853728007,2460.676414978925,323.91929626464844,135.31386852264404
patient_233,643.0,25.72,224.8304047398036,924.5101633651586,2469.6696311685173,328.2735824584961,142.75471687316895
patient_233,644.0,25.76,297.1942771725533,1809.0968108187426,2481.5574022554197,331.59900665283203,153.65482807159424
patient_233,645.0,25.8,354.5060442762569,1432.7941775925892,2495.7376440264698,334.4369125366211,166.94904327392578
patient_233,646.0,25.84,328.80441885976234,-642.5406354123638,2508.88982078086,334.44068908691406,179.55724239349365
patient_233,647.0,25.88,244.455022104211,-2108.7349188887833,2518.668021665029,334.3478012084961,188.9305543899536
patient_233,648.0,25.92,181.85324088544291,-1565.044530469202,2525.9421513004463,338.07247161865234,183.0353593826294
patient_233,649.0,25.96,252.61761271754588,1769.1092958025743,2536.0468558091484,339.4097137451172,173.44133377075195
patient_233,650.0,26.0,382.39271402309834,3244.3775326388113,2551.342564370072,342.06085205078125,159.01991844177246
patient_233,651.0,26.04,342.9807904539177,-985.2980892295164,2565.061795988229,339.4532775878906,146.12920761108398
patient_233,652.0,26.08,33.63321811145378,-7733.689308561597,2566.407124712687,338.3477020263672,146.79327964782715
patient_233,653.0,26.12,292.0442600678124,6460.276048908965,2578.0888951153997,333.6815643310547,136.61310195922852
patient_233,654.0,26.16,242.68518447409068,-1233.9768898430427,2587.7963024943633,326.49967193603516,130.69530487060547
patient_233,655.0,26.2,93.7425446554201,-3723.565995466764,2591.5460042805803,322.97119140625,130.00895977020264
patient_233,656.0,26.24,48.47379925282573,-1131.7186350648594,2593.484956250693,321.79698944091797,131.44987106323242
patient_233,657.0,26.28,121.47577760183532,1825.0494587252397,2598.343987354767,324.64962005615234,135.13226509094238
patient_233,658.0,26.32,246.27150567920077,3119.8932019341364,2608.1948475819345,328.18397521972656,143.88935565948486
patient_233,659.0,26.36,320.07267020228466,1845.029113077097,2620.997754390026,330.90110778808594,155.85818767547607
patient_233,660.0,26.4,600.7710381406524,7017.459198459194,2645.028595915652,332.14000701904297,178.8617706298828
patient_233,661.0,26.44,521.8319369049736,-1973.4775308919693,2665.901873391851,333.93733978271484,198.7908411026001
patient_233,662.0,26.48,54.78701904932586,-11676.122946391195,2668.093354153824,335.8915710449219,198.01979541778564
patient_233,663.0,26.52,236.6086455145393,4545.540661630335,2677.5576999744058,336.20208740234375,207.0873785018921
patient_233,664.0,26.56,63.77162452472505,-4320.925524745357,2680.1085649553947,338.6473083496094,207.06124305725098
patient_233,665.0,26.6,146.25617780260825,2062.11383194708,2685.9588120674994,342.0870590209961,202.63169288635254
patient_233,666.0,26.64,291.0474409401743,3619.781578439151,2697.6007097051065,342.4024200439453,191.47576332092285
patient_233,667.0,26.68,324.5012416440639,836.3450175972403,2710.5807593708687,344.9911880493164,179.30484294891357
patient_233,668.0,26.72,417.4724190851855,2324.27943602804,2727.279656134276,344.28314208984375,163.31228256225586
patient_233,669.0,26.76,360.25576415542685,-1430.416373243966,2741.6898867004934,339.13368225097656,150.49371242523193
patient_233,670.0,26.8,317.51548856997437,-1068.506889636312,2754.3905062432923,330.61283111572266,141.79696083068848
patient_233,671.0,26.84,130.44395736402717,-4676.78828014868,2759.6082645378538,327.01595306396484,138.32104682922363
patient_233,672.0,26.88,191.0013041383273,1513.9336693575033,2767.2483167033865,327.82466888427734,145.6003189086914
patient_233,673.0,26.92,17.491563030062668,-4337.743527706615,2767.9479792245893,327.17418670654297,145.43678283691406
patient_233,674.0,26.96,270.62230888582656,6328.268646394097,2778.772871580022,328.55236053466797,155.72203159332275
patient_233,675.0,27.0,306.59506009595435,899.318780253195,2791.03667398386,329.9884796142578,167.39055633544922
patient_233,676.0,27.04,416.23928538767007,2741.105632292893,2807.6862453993667,330.05138397216797,183.35137367248535
patient_233,677.0,27.08,398.0820901901687,-453.9298799375345,2823.6095290069734,330.92334747314453,198.59114170074463
patient_233,678.0,27.12,334.94298129646205,-1578.4777223426659,2837.007248258832,330.0326156616211,211.40380382537842
patient_233,679.0,27.16,193.09903767722295,-3546.0985904809777,2844.7312097659214,330.4828643798828,218.79459857940674
patient_233,680.0,27.2,100.23153828507822,-2321.6874848036186,2848.7404712973243,333.60645294189453,216.55513286590576
patient_233,681.0,27.24,255.06814777838605,3870.915237332696,2858.9431972084594,336.99108123779297,207.37868785858154
patient_233,682.0,27.28,362.81546962386324,2693.6830461369295,2873.455815993414,340.7305145263672,193.97828578948975
patient_233,683.0,27.32,452.5175424599309,2242.5518209016914,2891.556517691811,341.86676025390625,176.6634750366211
patient_233,684.0,27.36,417.8014360115385,-867.9026612098098,2908.268575132273,340.53226470947266,160.69830894470215
patient_233,685.0,27.4,322.9140120350469,-2372.1855994122907,2921.1851356136744,336.6150665283203,148.9519214630127
patient_233,686.0,27.44,252.476723370768,-1760.9322166069717,2931.2842045485054,330.77491760253906,141.23042106628418
patient_233,687.0,27.48,127.78345921739704,-3117.3316038342746,2936.3955429172015,326.3330078125,139.16190147399902
patient_233,688.0,27.52,67.78844331303121,-1499.8753976091457,2939.1070806497232,324.2593002319336,140.72924137115479
patient_233,689.0,27.56,145.47776066905806,1942.2329339006712,2944.9261910764853,325.25943756103516,146.21728420257568
patient_233,690.0,27.6,226.78806917274957,2032.7577125922878,2953.9977138433956,325.33172607421875,154.9133062362671
patient_233,691.0,27.64,349.3123552523789,3063.107151990733,2967.9702080534903,324.7998046875,168.2973289489746
patient_233,692.0,27.68,433.6841733692958,2109.2954529229232,2985.3175749882625,323.27274322509766,184.85694408416748
patient_233,693.0,27.72,419.0806910915629,-365.08705694332235,3002.0808026319246,318.93199920654297,200.3294849395752
patient_233,694.0,27.76,355.19859329710596,-1597.0524448614242,3016.288746363809,313.9849853515625,213.0196237564087
patient_233,695.0,27.8,182.24377087944706,-4323.870560441473,3023.5784971989865,312.28118896484375,219.79698657989502
patient_233,696.0,27.84,79.47561367890087,-2569.203930013655,3026.757521746143,314.2566108703613,217.4763822555542
patient_233,697.0,27.88,336.31722324101816,6421.0402390529325,3040.2102106757834,320.4412841796875,206.15984916687012
patient_233,698.0,27.92,410.699012328287,1859.5447271817206,3056.638171168915,325.76026916503906,191.3367748260498
patient_233,699.0,27.96,465.63290230288726,1373.347249365007,3075.26348726103,329.5035934448242,173.87861251831055
patient_233,700.0,28.0,366.94907680509226,-2467.095637444875,3089.9414503332337,329.951171875,159.8148536682129
patient_233,701.0,28.04,256.5775089373204,-2759.289196694297,3100.2045506907266,328.7685012817383,150.0475788116455
patient_233,702.0,28.08,273.8936871898594,432.9044563134758,3111.160298178321,323.7971496582031,140.7960605621338
patient_233,703.0,28.12,181.96540631213668,-2298.207021943068,3118.4389144308066,318.4346008300781,136.33180618286133
patient_233,704.0,28.16,26.052920055905847,-3897.812156405771,3119.4810312330433,317.6861572265625,135.67009449005127
patient_233,705.0,28.2,138.7010587771528,2816.203468031174,3125.029073584129,322.74219512939453,134.01972770690918
patient_233,706.0,28.24,152.8186300517903,352.93928186593746,3131.1418187862005,327.85572052001953,136.8816375732422
patient_233,707.0,28.28,222.86922640872572,1751.2649089233853,3140.0565878425496,335.07572174072266,141.45401000976562
patient_233,708.0,28.32,144.25750534382405,-1965.293026622542,3145.826888056303,338.7495422363281,145.58947563171387
patient_233,709.0,28.36,470.3053692119163,8151.196596702306,3164.639102824779,345.1240539550781,162.45944023132324
patient_233,710.0,28.4,425.18437637714135,-1128.0248208693733,3181.646477879865,357.4507522583008,173.13048362731934
patient_233,711.0,28.44,234.51754312563105,-4766.670831287757,3191.0271796048905,361.4748001098633,181.1726188659668
patient_233,712.0,28.48,227.54212832378914,-174.38537004604768,3200.1288647378424,359.35741424560547,189.63704109191895
patient_233,713.0,28.52,198.71209667623054,-720.750791188965,3208.0773486048915,358.39073181152344,197.19520568847656
patient_233,714.0,28.56,86.38381410396772,-2808.2070643065704,3211.5327011690506,355.8237838745117,199.28877353668213
patient_233,715.0,28.6,59.61184075971268,-669.2993336063761,3213.9171747994387,358.01551818847656,199.93793964385986
patient_233,716.0,28.64,19.469850808112103,-1003.5497487900145,3214.695968831763,357.60498046875,200.56151390075684
patient_233,717.0,28.68,40.45619299722923,524.6585547279282,3216.314216551652,356.0670471191406,200.35818099975586
patient_233,718.0,28.72,9.542850941989226,-772.8335513810001,3216.6959305893315,356.24874114990234,200.0405502319336
patient_233,719.0,28.76,4.920414085545764,-115.56092141108654,3216.892747152753,356.10164642333984,199.92238998413086
patient_233,720.0,28.8,17.19373283335332,306.83296869518887,3217.5804964660874,355.540771484375,199.575834274292
patient_233,721.0,28.84,9.148678382991532,-201.12636125904467,3217.9464436014073,355.19519805908203,199.51543807983398
patient_233,722.0,28.88,6.379933206010974,-69.21862942451395,3218.201640929648,355.01338958740234,199.35174465179443
patient_233,723.0,28.92,10.882189540522678,112.5564083627926,3218.6369285112687,354.77806091308594,199.00714874267578
patient_233,724.0,28.96,18.66793770219817,194.6437040418873,3219.3836460193565,354.2543411254883,198.51915836334229
patient_233,725.0,29.0,10.955908969963069,-192.80071830587752,3219.8218823781554,354.01012420654297,198.17732334136963
patient_233,726.0,29.04,7.323099416887822,-90.82023882688117,3220.1148063548303,354.2903518676758,198.15927028656006
patient_233,727.0,29.08,3.8243104274591935,-87.46972473571572,3220.267778771929,354.27528381347656,198.01340103149414
patient_233,728.0,29.12,2.6618294499934483,-29.06202443664363,3220.3742519499287,354.29832458496094,198.11283588409424
patient_233,729.0,29.16,3.71175938262734,26.248248315847288,3220.5227223252336,354.2464065551758,197.98031330108643
patient_233,730.0,29.2,7.690912905186534,99.47883806397985,3220.8303588414415,354.4988250732422,198.13282012939453
patient_233,731.0,29.24,1.969626900669069,-143.03215011293662,3220.909143917468,354.4676208496094,198.20159912109375
patient_233,732.0,29.28,7.339673393415793,134.2511623186681,3221.2027308532047,354.7269058227539,198.09213638305664
patient_233,733.0,29.32,2.6099064053801877,-118.24417470089013,3221.3071271094204,354.63794708251953,198.0462884902954
patient_233,734.0,29.36,8.663422731796127,151.33790816039848,3221.6536640186923,354.32472229003906,197.93560981750488
patient_233,735.0,29.4,2.749920211641081,-147.83756300387614,3221.763660827158,354.2976379394531,198.03751945495605
patient_233,736.0,29.44,1.3064716397911489,-36.0862142962483,3221.81591969275,354.3157196044922,197.9907989501953
patient_233,737.0,29.48,3.0828354993271483,44.40909648839998,3221.939233112723,354.3844985961914,197.89465427398682
patient_233,738.0,29.52,5.7148003896816455,65.79912225886243,3222.16782512831,354.232177734375,197.7371120452881
patient_233,739.0,29.56,2.7637666503236265,-73.77584348395048,3222.2783757943234,354.2473602294922,197.63222694396973
patient_233,740.0,29.6,4.0309536119855425,31.6796740415479,3222.439613938803,354.10655975341797,197.6959991455078
patient_233,741.0,29.64,5.663201804712165,40.80620481816557,3222.6661420109913,354.24022674560547,197.86714553833008
patient_233,742.0,29.68,0.8644353152209928,-119.96916223727932,3222.7007194236003,354.2645263671875,197.88969039916992
patient_233,743.0,29.72,4.99073090316416,103.15738969857917,3222.900348659727,354.1561508178711,198.04741859436035
patient_233,744.0,29.76,10.761618618078213,144.27219287285135,3223.3308134044505,354.35752868652344,197.68723011016846
patient_233,745.0,29.8,9.69509071926019,-26.663197470450584,3223.718617033221,353.9857864379883,197.6912498474121
patient_233,746.0,29.84,12.976475612060481,82.03462232000729,3224.237676057703,354.4578552246094,197.8485631942749
patient_233,747.0,29.88,6.687537706179404,-157.22344764702694,3224.5051775659504,354.2112731933594,197.77815341949463
patient_233,748.0,29.92,6.3591784652536445,-8.20898102314398,3224.7595447045605,354.3815612792969,197.95269012451172
patient_233,749.0,29.96,5.594449505216284,-19.118224000934013,3224.983322684769,354.4004440307617,198.16637992858887
patient_233,750.0,30.0,6.935450835451566,33.52503325588205,3225.2607407181868,354.30675506591797,197.91748523712158
patient_233,751.0,30.04,3.1411589885243614,-94.85729617318012,3225.3863870777277,354.3787384033203,198.01405906677246
patient_233,752.0,30.08,2.596227157614175,-13.623295772754663,3225.4902361640325,354.2913055419922,198.06166648864746
patient_233,753.0,30.12,6.595130212257623,99.9725763660862,3225.7540413725224,354.5243835449219,198.15979957580566
patient_233,754.0,30.16,5.954852568159624,-16.00694110244998,3225.992235475249,354.3389129638672,198.02660465240479
patient_233,755.0,30.2,1.3414051764939627,-115.33618479164154,3226.045891682309,354.3642807006836,198.07135105133057
patient_233,756.0,30.24,3.688358418215246,58.673831043032074,3226.193426019038,354.3207550048828,197.93678283691406
patient_233,757.0,30.28,5.069207823425295,34.52123513025121,3226.396194331975,354.12708282470703,197.9201889038086
patient_233,758.0,30.32,5.323949122427189,6.3685324750473615,3226.609152296872,354.13352966308594,198.12423706054688
patient_233,759.0,30.36,1.1901251425610986,-103.34559949665226,3226.656757302574,354.09366607666016,198.1020212173462
patient_233,760.0,30.4,1.5575234974742618,9.18495887282908,3226.719058242473,354.0934753417969,198.16174507141113
patient_233,761.0,30.44,3.221106857304183,41.58958399574803,3226.8479025167653,354.16015625,198.26571464538574
patient_233,762.0,30.48,5.571738605066783,58.765793694065,3227.070772060968,353.9569091796875,198.33157539367676
patient_233,763.0,30.52,7.47447119973125,47.56831486661166,3227.369750908957,353.82484436035156,198.07720184326172
patient_233,764.0,30.56,4.052985325892354,-85.5371468459724,3227.5318703219928,353.91727447509766,197.95226097106934
patient_233,765.0,30.6,2.9079426326878015,-28.626067330113802,3227.6481880273004,353.8594055175781,197.8569459915161
patient_233,766.0,30.64,5.171117215453128,56.57936456913316,3227.8550327159187,353.8004684448242,197.66761779785156
patient_233,767.0,30.68,1.9039085756095089,-81.68021599609048,3227.931189058943,353.8680648803711,197.6400375366211
patient_233,768.0,30.72,15.559426092753434,341.3879379285981,3228.553566102653,354.45472717285156,197.74867057800293
patient_233,769.0,30.76,8.328127983290642,-180.78245273656978,3228.886691221984,354.1624069213867,197.87724494934082
patient_233,770.0,30.8,19.93626701298748,290.2034757424209,3229.684141902504,354.72415924072266,198.39574813842773
patient_233,771.0,30.84,9.877358953318474,-251.4727014917251,3230.0792362606367,354.3461227416992,198.3724594116211
patient_233,772.0,30.88,12.533988389235462,66.4157358979247,3230.580595796206,354.8085021972656,198.50362300872803
patient_233,773.0,30.92,13.645806255527297,27.795446657295876,3231.1264280464275,354.32178497314453,198.31151962280273
patient_233,774.0,30.96,10.284937144108463,-84.02172778547086,3231.5378255321916,354.71126556396484,198.2495355606079
patient_233,775.0,31.0,10.688004897362507,10.076693831351102,3231.9653457280865,354.3253707885742,198.38756561279297
patient_233,776.0,31.04,11.537529204322865,21.238107674008955,3232.426846896259,354.75887298583984,198.47591400146484
patient_233,777.0,31.08,6.149565058405681,-134.6991036479296,3232.6728294985955,354.52613830566406,198.51386547088623
patient_233,778.0,31.12,7.566232044453707,35.416674651200644,3232.975478780374,354.81616973876953,198.5214900970459
patient_233,779.0,31.16,12.49940880812484,123.32941909177835,3233.475455132699,354.3661880493164,198.35643768310547
patient_233,780.0,31.2,11.385145886991436,-27.856573028335106,3233.9308609681784,354.7905731201172,198.25401306152344
patient_233,781.0,31.24,11.11080909853863,-6.858419711320174,3234.3752933321202,354.40845489501953,198.0655860900879
patient_233,782.0,31.28,3.8501755612822195,-181.51583843141026,3234.529300354571,354.29473876953125,197.9714298248291
patient_233,783.0,31.32,2.2073258359294177,-41.07124313382005,3234.6175933880086,354.3783187866211,197.98479080200195
patient_233,784.0,31.36,3.5281071032563305,33.01953168317282,3234.7587176721386,354.449462890625,197.86972045898438
patient_233,785.0,31.4,3.427816993620425,-2.5072527408976364,3234.895830351883,354.4118881225586,197.74376392364502
patient_233,786.0,31.44,4.7154124422810755,32.189886216516264,3235.0844468495743,354.3663787841797,197.56876945495605
